source,target,weight,bot_event_count
shoulda,Cuihongsen,1,0
shoulda,DspringL,1,0
shoulda,KT2024,1,0
shoulda,ZhangShiYeChina,1,0
shoulda,boooobao,1,0
shoulda,caochengxiang,1,0
shoulda,chickenlj,1,0
shoulda,ctcc-bestpay,1,0
shoulda,flying-2077,1,0
shoulda,goto456,1,0
shoulda,haoyann,1,0
shoulda,haroldyong,1,0
shoulda,hgwym,1,0
shoulda,ilaotan,1,0
shoulda,kenaosg,1,0
shoulda,keylihai,1,0
shoulda,kids1994,1,0
shoulda,laibb,1,0
shoulda,nannanfighting,1,0
shoulda,netsunn,1,0
shoulda,owen200008,1,0
shoulda,qinxingnet,1,0
shoulda,rightgenius,1,0
shoulda,romeoblog,1,0
shoulda,softliumin,1,0
shoulda,songxiaosheng,1,0
shoulda,walter211,1,0
shoulda,wcc1433,1,0
shoulda,xiaochangbai,1,0
shoulda,yizheWork,1,0
shoulda,zhangyungen,1,0
Yiyiyimu,AlbumenJ,1,0
Yiyiyimu,CrazyHZM,1,0
Yiyiyimu,chickenlj,1,0
hsluoyz,plainheart,1,9
hsluoyz,susiwen8,1,9
component,Xusq513,1,0
component,object777,1,0
component,Rdebu,2,3
component,tokers,1,0
component,tzssangglass,1,0
component,shuaijinchao,1,3
component,alanjiang,1,0
component,liangliang4ward,1,0
component,log4j2,1,0
component,spacewander,1,0
juzhiyuan,Ovilia,1,6
juzhiyuan,Youmyin,1,6
juzhiyuan,kongmoumou,1,6
juzhiyuan,juzhiqiang,1,9
juzhiyuan,linghaoSu,1,9
juzhiyuan,plustliang,1,9
juzhiyuan,yuanyuanshen,1,9
ghost,Miskho,1,0
ghost,ajbosco,1,0
ghost,bertrand-buffat,1,0
ghost,eladkal,11,12
ghost,george-zubrienko,1,0
ghost,nicor88,1,0
ghost,potiuk,26,22
ghost,reference,1,0
ghost,shuizhongxiong,1,3
ghost,EmoneyDamon,1,4
ghost,hwlv,1,4
ghost,jiankafei,1,4
ghost,qaz3954179,1,4
ghost,trague,1,4
ghost,DwGoing,1,0
ghost,LivesMountain,1,0
ghost,kayx23,4,0
ghost,mingmingshiliyu,1,0
ghost,tokers,1,0
ghost,tzssangglass,4,0
ghost,BraveShadow,1,0
ghost,Miss-you,1,0
ghost,lotreal,1,0
ghost,membphis,1,0
ghost,moonming,1,0
ghost,zheng11581,1,0
ghost,hussein-awala,2,0
ghost,plainheart,10,68
ghost,yelloxing,1,7
ghost,V0lantis,1,4
ghost,aakashanand92,1,4
ghost,anitakar,1,4
ghost,christine-le,1,4
ghost,dmariassy,1,4
ghost,easthy-alterpost,1,4
ghost,freedom1989,1,4
ghost,ghostbody,1,4
ghost,jledru-redoute,1,4
ghost,karthik-raparthi,1,4
ghost,kaxil,12,12
ghost,kenny813x201,1,4
ghost,nathadfield,1,4
ghost,nguyenmphu,1,4
ghost,ogerasymenko,1,4
ghost,omoumniabdou,1,4
ghost,pbotros,1,4
ghost,rafalkozik,1,4
ghost,raviporan,1,4
ghost,rsingh2021,1,4
ghost,sgrzemski-ias,1,4
ghost,tazimmerman,1,4
ghost,turbaszek,7,7
ghost,val2k,1,4
ghost,vanducng,1,4
ghost,woodywuuu,1,4
ghost,yougyoung94,1,4
ghost,yuqian90,2,5
ghost,zbigniev,1,4
ghost,baolsen,1,0
ghost,ferruzzi,3,2
ghost,mik-laj,8,5
ghost,NadimYounes,1,1
ghost,alexmc-ms,1,1
ghost,aneesh-joseph,1,1
ghost,jmfreeman,1,1
ghost,mohitisrani,1,1
ghost,YoavGaudin,1,0
ghost,eduardchai,1,0
ghost,mhenc,1,0
ghost,tirkarthi,1,0
ghost,KaustubhDTawate,1,4
ghost,helgasoft,1,4
ghost,ashb,11,8
ghost,Acehaidrey,1,0
ghost,SamWheating,1,1
ghost,aaquant,1,1
ghost,aaron-collier,1,1
ghost,jonasrla,1,1
ghost,uranusjr,8,5
ghost,vineetsharma883,1,1
ghost,100pah,4,31
ghost,AB-D,1,5
ghost,Beramos,1,5
ghost,Canees,1,5
ghost,KnifeFed,1,5
ghost,Ovilia,17,131
ghost,TIGeMi,1,5
ghost,TalentKou,1,5
ghost,WebGamer,1,5
ghost,cetonek,1,5
ghost,vamsi467,1,5
ghost,XD-DENG,2,2
ghost,vikramkoka,5,5
ghost,CrazyHZM,1,0
ghost,Hazel6869,1,0
ghost,FanHuaRan,1,0
ghost,LiZhenNet,1,0
ghost,LiosWong,1,0
ghost,coffeehb,1,0
ghost,hesherya,1,0
ghost,qianyong-2005,1,0
ghost,qinliujie,1,0
ghost,xjcrb,1,0
ghost,utkarsharma2,2,3
ghost,AnkurSarode,1,3
ghost,guillesd,1,3
ghost,AlbumenJ,1,0
ghost,chickenlj,1,0
ghost,evancyz,1,0
ghost,mercyblitz,1,0
ghost,tswstarplanet,1,0
ghost,edejong,2,0
ghost,jaketf,2,0
ghost,halilduygulu,1,1
ghost,RussXia,1,0
ghost,wuciqiang,1,7
ghost,spacewander,5,0
ghost,GalaxyTrain,1,8
ghost,pissang,9,49
ghost,PApostol,1,4
ghost,easontm,1,4
ghost,flyrock,1,4
ghost,jcasal-ixl,1,4
ghost,shubhampatel94,1,4
ghost,An-DJ,1,3
ghost,monkeyDluffy6017,2,3
ghost,ClemMakesApps,1,3
ghost,calvincramer,1,3
ghost,Bowrna,1,1
ghost,esthomw,1,1
ghost,task,1,1
ghost,xingularity,1,1
ghost,cuongdevjs,1,5
ghost,moon-in-river,1,5
ghost,jacobzed,1,8
ghost,jayarjo,1,8
ghost,sammed-ai,1,1
ghost,Neilblaze,1,0
ghost,Huxiake,1,3
ghost,JieWSOFT,1,3
ghost,byhkl,1,3
ghost,soulbird,1,3
ghost,bbovenzi,4,6
ghost,Locustv2,1,1
ghost,RNHTTR,1,1
ghost,d-callan,1,1
ghost,florian-guily,1,1
ghost,joshtree41,1,1
ghost,atejano,1,1
ghost,borismo,1,1
ghost,markhatch,1,1
ghost,obearn,1,1
ghost,tchaton,1,10
ghost,Chever-John,1,0
ghost,hsluoyz,1,0
ghost,juzhiyuan,1,0
ghost,rushitote,1,0
ghost,gvwirth,1,1
ghost,isongme,1,7
ghost,susiwen8,6,35
ghost,cvictory,1,0
ghost,ralf0131,1,0
ghost,mscb402,1,0
ghost,shreemaan-abhishek,2,0
ghost,Prasnal,1,0
ghost,ephraimbuddy,4,4
ghost,jedcunningham,4,1
ghost,millin,1,0
ghost,mwaaas,1,0
ghost,funes79,1,1
ghost,raefezzeldin,1,1
ghost,ulan-yisaev,1,1
ghost,redis,1,1
ghost,austin-chou,1,0
ghost,houqp,1,1
ghost,lmaczulajtys,1,1
ghost,ryanahamilton,1,1
ghost,MINDoSOFT,1,5
ghost,nouman0320,1,5
ghost,prathapjayaraj,1,5
ghost,renwenci,1,5
ghost,pottekkat,1,0
ghost,kosteev,2,1
ghost,leahecole,1,0
ghost,ldacey,1,0
ghost,zachliu,1,0
ghost,FeynmanCheng,1,3
ghost,Sunghee2,1,10
ghost,panfeng-Hn,1,0
ghost,Holoskevych,1,4
ghost,deqingli,1,4
ghost,mmmhhhlll,1,4
ghost,running-grass,1,4
ghost,amoghrajesh,2,5
ghost,josh-fell,2,4
ghost,DhananjayaR,1,6
ghost,SundayDelight,1,6
ghost,dherault,1,6
ghost,mickdewald,1,6
ghost,Wily96,1,3
ghost,bugraoz93,1,2
ghost,dstandish,2,2
ghost,jason810496,1,2
ghost,kandharvishnu,1,2
ghost,michaeljs-c,1,2
ghost,omkar-foss,1,2
ghost,phanikumv,1,2
ghost,pierrejeambrun,1,2
ghost,prabhusneha,1,2
ghost,rawwar,1,2
ghost,vatsrahul1001,1,2
ghost,chfw,1,0
ghost,AmarEL,1,0
ghost,fredthomsen,1,0
ghost,ro4i7,1,0
ghost,Nino171,1,0
ghost,marvinfretly,1,0
ghost,nicnguyen3103,1,0
ghost,Bowes97,1,8
ghost,kexianjun,1,0
ghost,Revolyssup,1,0
ghost,letyndr,1,0
ghost,zhouxin860114,1,4
ghost,wf123537200,1,12
ghost,z-lionel,1,8
ghost,aran3,1,0
ghost,CarrascoEr,1,1
ghost,a0x8o,1,1
ghost,ahidalgob,1,1
ghost,emilymitacc,1,1
ghost,gmontero06,1,1
ghost,dberardo-com,1,9
zuodengchao,JavaLionLi,1,0
zuodengchao,echoa-cheng,1,0
lcssos,ExceptionHandler,1,0
lcssos,beiwei30,1,0
lcssos,dangwenxiang,1,0
lcssos,mercyblitz,1,0
lcssos,qianhen-hf,1,0
lcssos,qixiaobo,1,0
linuke,spacewander,1,0
yangtian9999,tao12345666333,1,0
yangtian9999,tokers,1,0
taojintianxia,MessianicZZQ,1,0
taojintianxia,bean,1,0
taojintianxia,chickenlj,1,0
taojintianxia,junlincc,1,0
RocFang,csp33,2,4
RocFang,potiuk,2,4
RocFang,raphaelauv,1,1
RocFang,vincbeck,2,4
RocFang,Anush008,1,3
RocFang,CYarros10,1,3
RocFang,DavidTraina,1,3
RocFang,Kylea650,1,3
RocFang,Lee-W,1,3
RocFang,LipuFei,1,3
RocFang,MaksYermak,1,3
RocFang,ShelRoman,1,3
RocFang,SubhamSinghal,1,3
RocFang,Taragolis,1,3
RocFang,VShkaberda,1,3
RocFang,VladaZakharova,1,3
RocFang,boraberke,1,3
RocFang,dabla,1,3
RocFang,djuarezg,1,3
RocFang,dondaum,1,3
RocFang,e-galan,1,3
RocFang,eladkal,1,3
RocFang,evgenyslab,1,3
RocFang,ferruzzi,1,3
RocFang,gaurav7261,1,3
RocFang,gopidesupavan,1,3
RocFang,henriquemeloo,1,3
RocFang,hussein-awala,1,3
RocFang,jedcunningham,1,3
RocFang,josix,1,3
RocFang,kacpermuda,1,3
RocFang,mateuslatrova,1,3
RocFang,mobuchowski,1,3
RocFang,moiseenkov,1,3
RocFang,moritzsanne,1,3
RocFang,nathadfield,1,3
RocFang,nyoungstudios,1,3
RocFang,o-nikolas,1,3
RocFang,pankajastro,1,3
RocFang,pankajkoti,1,3
RocFang,paolo-moriello,1,3
RocFang,pateash,1,3
RocFang,rawwar,1,3
RocFang,shahar1,1,3
RocFang,sunank200,1,3
RocFang,tomrutter,1,3
RocFang,vatsrahul1001,1,3
RocFang,wlinamchurch,1,3
RocFang,zstrathe,1,3
cielswift,liuhonglin,1,0
cielswift,rick-2023,1,0
cielswift,vergilyn,1,0
cielswift,yangzhiw,1,0
zgLiuBing,susiwen8,2,10
zgLiuBing,Ovilia,1,5
foreveryang321,membphis,1,0
foreveryang321,spacewander,1,0
foreveryang321,tokers,1,0
foreveryang321,tzssangglass,1,0
justinmclean,CodeIngL,1,0
justinmclean,mercyblitz,1,0
justinmclean,ulinkwo,1,0
Xunzhuo,qixiaobo,1,0
timestamp,ashb,2,0
timestamp,potiuk,2,0
timestamp,alonbecker,1,0
timestamp,dpgaspar,2,2
timestamp,johntwyman,1,0
timestamp,pozdrowiony,1,0
timestamp,rusackas,2,2
timestamp,savermyas,1,0
timestamp,snwbr,1,0
timestamp,tag,1,0
timestamp,logstream,1,0
timestamp,vikramkoka,1,0
timestamp,Jimmy-Newtron,1,2
OverRide,Xusq513,2,3
OverRide,object777,1,0
OverRide,Rdebu,1,3
OverRide,shuaijinchao,1,3
OverRide,Revolyssup,1,3
OverRide,Sn0rt,1,3
OverRide,leslie-tsang,1,3
OverRide,Bigwen-1,1,0
OverRide,tokers,1,0
OverRide,tzssangglass,1,0
xiaokunliu,CrazyHZM,1,0
ShenFeng312,bzp2010,2,3
ShenFeng312,kayx23,2,0
ShenFeng312,sunheyi6,1,0
ShenFeng312,Revolyssup,1,3
ShenFeng312,sheharyaar,2,6
ShenFeng312,shreemaan-abhishek,6,9
ShenFeng312,qiyuan4f,1,3
ShenFeng312,luoluoyuyu,2,0
ShenFeng312,kellyseeme,1,0
ShenFeng312,Sn0rt,1,3
ShenFeng312,monkeyDluffy6017,1,3
ShenFeng312,Vacant2333,1,0
ShenFeng312,lakshya8066,1,0
szhengli,Revolyssup,1,0
szhengli,wklken,1,0
ldcsaa,dyrnq,1,0
ldcsaa,shreemaan-abhishek,1,0
mayunSaicmotor,kimmking,1,0
mayunSaicmotor,AlbumenJ,1,0
mayunSaicmotor,kazetyan,1,0
nulinuli-nuli,Vacant2333,1,7
nulinuli-nuli,kayx23,1,7
nulinuli-nuli,shreemaan-abhishek,1,7
sunheyi6,AlbumenJ,1,0
sunheyi6,Silocean,1,0
breakenknife,CrazyHZM,1,0
breakenknife,Johnson-Jia,1,0
breakenknife,Like-whale,1,0
breakenknife,Xstarfct,1,0
breakenknife,chumendeshijie,1,0
breakenknife,lujiang-wed,1,0
Python-IBM,SilentEntity,2,0
chickenlj,shreemaan-abhishek,1,3
tangzhenhuang,CrazyHZM,1,0
tangzhenhuang,tswstarplanet,1,0
pingod,AlbumenJ,1,0
pingod,Dr-wgy,1,0
pingod,chickenlj,1,0
pingod,elvislou,1,0
pingod,liufeiyu1002,1,0
pingod,peopleone,1,0
pingod,wenlincheng,1,0
pingod,zrlw,1,0
neverlaughtingboy,tokers,1,0
liuning89757,AlekseiSaff,1,1
liuning89757,Mottimo,1,1
liuning89757,ashb,1,1
liuning89757,bmoon4,1,1
liuning89757,ephraimbuddy,2,5
liuning89757,jedcunningham,1,1
liuning89757,kaxil,1,1
liuning89757,localdb,1,1
liuning89757,potiuk,2,5
liuning89757,tonjo,1,1
liuning89757,abiwill,1,4
liuning89757,eladkal,1,4
liuning89757,ghostbody,1,4
liuning89757,jpradass,1,4
liuning89757,uranusjr,1,4
XXMY,BurningCN,1,0
XXMY,chickenlj,1,0
XXMY,iJIAJIA,1,0
kevinw66,shuaijinchao,1,0
kevinw66,spacewander,3,0
kevinw66,monkeyDluffy6017,1,0
kevinw66,tzssangglass,4,0
kevinw66,bisakhmondal,1,0
kevinw66,starsz,1,0
kevinw66,tokers,1,0
wu-sheng,AlbumenJ,1,0
wu-sheng,beiwei30,1,0
wu-sheng,chickenlj,1,0
wu-sheng,guohao,1,0
wu-sheng,honganan,1,0
wu-sheng,Acehaidrey,1,1
wu-sheng,RaviTezu,1,1
wu-sheng,cfei18,1,1
wu-sheng,hweecat,1,1
wu-sheng,kaxil,1,1
wu-sheng,pcandoalmeida,1,1
wu-sheng,potiuk,1,1
wu-sheng,CrazyHZM,1,0
wu-sheng,SamPeng87,1,0
wu-sheng,tswstarplanet,1,0
log4j2,amitmiran137,1,0
log4j2,dpgaspar,1,0
log4j2,formerdev,1,0
log4j2,mdeshmu,1,0
log4j2,mrshu,1,0
log4j2,nikhil-kuyya-talentas,1,0
log4j2,nytai,1,0
log4j2,shawnzhu,1,0
log4j2,vinit2580,1,0
Wang-Kai,wangxianping321,1,4
Dieken,Naich,1,0
Dieken,betodealmeida,1,0
Dieken,geido,1,0
Dieken,junlincc,1,0
Dieken,mapshen,1,0
Dieken,nicovak,1,0
Dieken,rubenssoto,1,0
Dieken,rumbin,1,0
Dieken,rusackas,1,0
Dieken,thomas-ca-pro,1,0
Dieken,ziggekatten,1,0
Dieken,zrait,1,0
BFergerson,davidsheard,1,0
BFergerson,nytai,1,0
BFergerson,andrzejmartyna,1,3
BFergerson,betodealmeida,1,3
BFergerson,carusooo,1,3
BFergerson,ddxv,1,3
BFergerson,fertek,1,3
BFergerson,geido,1,3
BFergerson,junlincc,1,3
BFergerson,mannbl,1,3
BFergerson,maxcapraro,1,3
BFergerson,rusackas,1,3
BFergerson,sebastianliebscher,1,3
BFergerson,toch,1,3
BFergerson,villebro,1,3
wenerme,junlincc,1,0
wenerme,ktmud,1,0
wenerme,nytai,1,0
panxiaojun233,AlbumenJ,1,0
panxiaojun233,LaurenceLiZhixin,1,0
OnlyPiglet,CrazyHZM,1,0
OnlyPiglet,Louis-me,1,0
OnlyPiglet,XSun771,1,0
OnlyPiglet,YutongZh,1,0
OnlyPiglet,cpp-wen,1,0
OnlyPiglet,nerozenJL,1,0
OnlyPiglet,tangwenixng,1,0
OnlyPiglet,thurstonzk2008,1,0
OnlyPiglet,wjsay,1,0
OnlyPiglet,wwm0104,1,0
OnlyPiglet,xiaochengxuyuan,1,0
96RadhikaJadhav,aaronsdevera,1,0
96RadhikaJadhav,junlincc,1,0
wenlincheng,idbeta,1,3
wenlincheng,membphis,1,3
wenlincheng,tzssangglass,1,3
oneslideicywater,FloatingTea,1,0
oneslideicywater,GrowUp-hzy,1,0
oneslideicywater,MiltonLai,1,0
oneslideicywater,gaoxianggithub,1,0
oneslideicywater,halleycomet,1,0
oneslideicywater,handsome-fstar,1,0
oneslideicywater,happyrambo,1,0
oneslideicywater,luyuanwan,1,0
oneslideicywater,ningyu1,1,0
oneslideicywater,pugwoo,1,0
atealxt,100pah,1,3
atealxt,Carlo0099,1,3
atealxt,Rotario,1,3
atealxt,VVonderfu11,1,3
atealxt,pissang,1,3
sebbASF,potiuk,2,1
sebbASF,sebb,2,1
sebbASF,Ovilia,1,14
sebbASF,pissang,1,14
sebbASF,plainheart,2,18
sebbASF,AlbumenJ,2,0
sebbASF,wangchengming666,1,0
sebbASF,jedcunningham,1,0
sebbASF,wanlce,1,0
jeesk,AlbumenJ,1,0
jeesk,CrazyHZM,1,0
jeesk,LaurenceLiZhixin,1,0
jeesk,bestpayAmes,1,0
jeesk,huyunhaode,1,0
luger1990,membphis,1,0
luger1990,moonming,1,0
luger1990,starsz,1,0
luger1990,tokers,1,0
jbampton,kaxil,1,1
jbampton,potiuk,3,1
jbampton,Acehaidrey,1,0
jbampton,anirudhbagri,1,0
jbampton,ashb,1,0
jbampton,dimberman,1,0
jbampton,turbaszek,1,0
belongwqz,dpgaspar,1,0
belongwqz,elaademiir,1,0
belongwqz,krishna9626,1,0
belongwqz,squalou,1,0
belongwqz,true1337,1,0
belongwqz,valferon,1,0
BLasan,athap123,1,6
BLasan,karen-pal,1,6
BLasan,larsmars,1,6
wxbty,guitu168,1,0
wxbty,monkeyDluffy6017,2,0
wxbty,tzssangglass,2,2
wxbty,tokers,1,0
wxbty,Sn0rt,1,0
wxbty,lingsamuel,1,0
wxbty,shreemaan-abhishek,1,0
wxbty,Hazel6869,1,0
zebra-93,zhaoyongjie,1,0
shallowinggg,dkisser,1,0
shallowinggg,lichao4Java,1,0
mfordjody,AlbumenJ,1,0
mfordjody,CrazyHZM,1,0
mfordjody,akaakking,1,0
mfordjody,chickenlj,1,0
mfordjody,pinxiong,1,0
zhaomingcheng01,rusackas,1,0
cdmikechen,leslie-tsang,1,0
cdmikechen,moonming,1,0
GreenAppleOne,AlbumenJ,1,0
GreenAppleOne,EarthChen,1,0
GreenAppleOne,alexts1993,1,0
GreenAppleOne,chickenlj,1,0
GreenAppleOne,leimbag,1,0
GreenAppleOne,leyou240,1,0
GreenAppleOne,paopaoshimeng,1,0
GreenAppleOne,wangzihaogithub,1,0
alucryd,AlinsRan,1,5
alucryd,Revolyssup,1,5
alucryd,Sn0rt,1,5
alucryd,kingluo,1,5
alucryd,shreemaan-abhishek,1,5
alucryd,stonegithup,1,5
alucryd,zimbres,1,5
LoveleeKay,AlbumenJ,1,0
LoveleeKay,sadeychai,1,0
LoveleeKay,songxiaosheng,1,0
LoveleeKay,wegod,1,0
devteam-tb,shreemaan-abhishek,1,3
yuluo-yx,AlbumenJ,5,0
yuluo-yx,heliang666s,1,0
yuluo-yx,CHYhave,1,0
yuluo-yx,conghuhu,1,0
yuluo-yx,sjmshsh,1,0
yuluo-yx,bitgorust,1,0
yuluo-yx,songxiaosheng,1,0
yuluo-yx,TigerTurbo,1,0
Jimy-Guo,tzssangglass,1,0
jobop,CrazyHZM,1,0
waveywaves,geido,1,0
waveywaves,rusackas,1,0
winglight,Always-prog,1,0
winglight,betodealmeida,1,0
winglight,eloymc98,1,0
winglight,lauderbaugh,1,0
winglight,maunke,1,0
winglight,mohamed-artal,1,0
winglight,rusackas,1,0
winglight,volhahedranovich,1,0
unreal-asr,DBouwmans,1,0
unreal-asr,PowerPlop,1,0
unreal-asr,agatapst,1,0
unreal-asr,aibunny,1,0
unreal-asr,airliquide31,1,0
unreal-asr,amitmiran137,1,0
unreal-asr,avant-garde-cracker,1,0
unreal-asr,bashyroger,1,0
unreal-asr,bryan-oliveira,1,0
unreal-asr,daniel10012,1,0
unreal-asr,falgunifb,1,0
unreal-asr,graceguo-supercat,1,0
unreal-asr,jessicaxyl,1,0
unreal-asr,junlincc,1,0
unreal-asr,ktmud,1,0
unreal-asr,mbtronics,1,0
unreal-asr,mdeshmu,1,0
unreal-asr,mihir174,1,0
unreal-asr,nguyenluongky,1,0
unreal-asr,ronaldvanrij,1,0
unreal-asr,simcha90,1,0
unreal-asr,suddjian,1,0
unreal-asr,tejaskumar-cm,1,0
unreal-asr,usamaB,1,0
unreal-asr,villebro,1,0
unreal-asr,zhaoyongjie,1,0
unreal-asr,zuzana-vej,1,0
KamenRiderKuuga,kimmking,1,0
KamenRiderKuuga,manzhizhen,1,0
huntkalio,AlbumenJ,1,0
huntkalio,EarthChen,1,0
huntkalio,icodening,1,0
huntkalio,oxsean,1,0
huntkalio,suncairong163,1,0
huntkalio,xiaoyuuuuuupeng,1,0
zhangw,potiuk,1,1
hujun-w-2,pottekkat,1,3
param,Sachkov-Aleksandr,1,0
param,Sn0rt,1,0
param,leslie-tsang,1,0
param,monkeyDluffy6017,1,0
param,shreemaan-abhishek,1,0
wind-clothes,AlbumenJ,1,0
wind-clothes,kexianjun,1,0
wind-clothes,liu844869663,1,0
wind-clothes,qixiaobo,1,0
onlonely,AlbumenJ,1,0
onlonely,CrazyHZM,1,0
onlonely,XiaoWeiKIN,1,0
onlonely,gosk8,1,0
onlonely,haosijiahsj,1,0
onlonely,wangxuebin01,1,0
wangyjx,mzyfree,1,0
wangyjx,villebro,1,0
wangyjx,wangkun723,1,0
wangyjx,AlbumenJ,1,0
wangyjx,CrazyHZM,1,0
wangyjx,pangshuqiang,1,0
lewismc,membphis,1,0
lewismc,moonming,1,0
lewismc,mtx2d,1,0
lewismc,numberpig,1,0
context,eschutho,1,0
context,michael-s-molina,1,0
context,ShiningRush,1,0
context,backnero,1,0
context,moonming,1,0
context,AlbumenJ,1,0
context,songxiaosheng,1,0
context,suncairong163,1,0
context,tell1014,1,0
context,uzong,1,0
context,wxbty,1,0
type,ShiningRush,1,0
type,backnero,1,0
type,moonming,1,0
type,LianJilu,1,3
type,Ovilia,2,12
type,bcqyh,1,3
type,chenyuejs,1,3
type,context,2,12
type,yufeng04,1,3
type,eladkal,1,0
type,jceresini,1,0
type,pbhuss,1,0
type,potiuk,1,0
type,moonlitusun,1,9
type,web3fans,1,9
cwtree,CrazyHZM,1,0
cwtree,hanchao-c,1,0
cwtree,luoning810,1,0
EnableAsync,Autowired,1,0
EnableAsync,DaleShay,1,0
EnableAsync,chickenlj,1,0
EnableAsync,liufeiyu1002,1,0
EnableAsync,liuzhiguo630,1,0
EnableAsync,resource,1,0
junnplus,spacewander,1,0
junnplus,tokers,1,0
junnplus,xianshun163,1,0
junnplus,zhixiongdu027,1,0
linxiaohui,spacewander,1,0
linxiaohui,tokers,1,0
kanghuzai,AlbumenJ,1,0
kanghuzai,JayeShen,1,0
kanghuzai,bigbenfather,1,0
kanghuzai,chendifan,1,0
kanghuzai,chickenlj,1,0
kanghuzai,tianshuang,1,0
kanghuzai,wikiwikiwiki,1,0
kanghuzai,Flyerfrank,1,0
kanghuzai,RobertLiu0905,1,0
kanghuzai,htynkn,1,0
kanghuzai,maoyiz,1,0
sniper-xx,AlbumenJ,1,0
sniper-xx,CrazyHZM,1,0
sniper-xx,wxbty,1,0
Serendipity96,DuranceX,1,7
Serendipity96,FrontEnd-GuoXi,1,7
Serendipity96,HomyeeKing,1,7
Serendipity96,LinsRock,1,7
Serendipity96,SupaFan,1,7
Serendipity96,alleluya7519,1,7
Serendipity96,fufuuuu,1,7
Serendipity96,plainheart,1,7
Serendipity96,susiwen8,1,7
li1234yun,eladkal,1,3
li1234yun,ephraimbuddy,1,3
li1234yun,mik-laj,1,3
li1234yun,potiuk,1,3
li1234yun,vikramkoka,1,3
ieayoio,micaimanong1,1,0
ieayoio,zhaoyongjie,1,0
leshalv,charish00,1,0
leshalv,chickenlj,1,0
leshalv,heixiaoma,1,0
leshalv,kexianjun,1,0
leshalv,mercyblitz,1,0
zemelLeong,Yiyiyimu,1,0
zemelLeong,jxljf,1,0
zemelLeong,luyi1994,1,0
zemelLeong,spacewander,1,0
zemelLeong,tokers,1,0
zemelLeong,yimuczhou,1,0
zemelLeong,zhoujiexiong,1,0
Patil2099,Yiyiyimu,1,0
Patil2099,param-thakker,1,0
Patil2099,starsz,1,0
kiddmewhat,AlbumenJ,1,0
kiddmewhat,EarthChen,1,0
kiddmewhat,Lingzhou314,1,0
kiddmewhat,Yukinekoko,1,0
kiddmewhat,chickenlj,1,0
kiddmewhat,deific,1,0
kiddmewhat,zhaoyuasd,1,0
ascendlin,carza06,1,1
ascendlin,dosu,1,1
ascendlin,rusackas,1,1
xxx,chickenlj,1,0
xxx,cvictory,1,0
xxx,mercyblitz,1,0
xxx,ryuhi,1,0
xxx,yuyu414,1,0
xxx,hmthoo,1,0
xxx,soulbird,1,0
xxx,tzssangglass,1,0
hadoop835,CrazyHZM,1,0
hadoop835,qiyuey,1,0
shelltea,spacewander,1,0
shelltea,tzssangglass,2,0
shelltea,leslie-tsang,1,0
slf4j,amitmiran137,1,0
slf4j,dpgaspar,1,0
slf4j,formerdev,1,0
slf4j,mdeshmu,1,0
slf4j,mrshu,1,0
slf4j,nikhil-kuyya-talentas,1,0
slf4j,nytai,1,0
slf4j,shawnzhu,1,0
slf4j,vinit2580,1,0
slf4j,kennethToyuan,1,0
slf4j,liangliang4ward,1,0
Madaditya,Boburmirzo,1,3
Madaditya,montmirail,1,3
Madaditya,moonming,1,3
Madaditya,ntyrrell,1,3
Madaditya,sapphire0929,1,3
Madaditya,tokers,1,3
Madaditya,tzssangglass,1,3
RequestMapping,Joe123-ai,2,3
RequestMapping,amitmiran137,1,0
RequestMapping,dpgaspar,1,0
RequestMapping,formerdev,1,0
RequestMapping,mdeshmu,1,0
RequestMapping,mrshu,1,0
RequestMapping,nikhil-kuyya-talentas,1,0
RequestMapping,nytai,1,0
RequestMapping,shawnzhu,1,0
RequestMapping,vinit2580,1,0
RequestMapping,moonming,1,3
zh417233956,Sandy381,1,3
zh417233956,cccs-jc,1,3
zh417233956,cccs-rc,1,3
zh417233956,cccs-tom,1,3
zh417233956,rusackas,1,3
zh417233956,trixieboyle,1,3
zh417233956,wenqi73,1,3
zh417233956,zhugw,1,3
david-woelfle,Radu-Iuonac,1,0
david-woelfle,Xarxavier,1,0
david-woelfle,canob,1,0
david-woelfle,fukiki,1,0
david-woelfle,jaysonsantos,1,0
david-woelfle,juzhiyuan,1,0
david-woelfle,kayx23,1,0
david-woelfle,kingluo,1,0
david-woelfle,lemonrains,1,0
david-woelfle,liuxiran,1,0
david-woelfle,liweitianux,1,0
david-woelfle,luoluoyuyu,1,0
david-woelfle,membphis,1,0
david-woelfle,monkeyDluffy6017,1,0
david-woelfle,moonming,1,0
david-woelfle,nic-chen,1,0
david-woelfle,shreemaan-abhishek,1,0
david-woelfle,spacewander,1,0
david-woelfle,starsz,1,0
david-woelfle,tangjun2012,1,0
david-woelfle,yzhaowei,1,0
lxf-lxf,HeathLee,1,0
lxf-lxf,villebro,1,0
lxf-lxf,vinhhap,1,0
gMan1990,Ovilia,1,9
flycash,100pah,1,6
value,susiwen8,1,2
value,varlinux,1,2
lfzCarlosC,PatraTapan,1,0
lfzCarlosC,rmukaila,1,0
lfzCarlosC,rusackas,1,0
pengyusong,CrazyHZM,1,0
pengyusong,chickenlj,1,0
lovepoem,deqingli,1,0
MrCull,chickenlj,1,0
MrCull,tsonglew,1,0
nervoussidd,AlbumenJ,1,0
nervoussidd,CrazyHZM,1,0
nervoussidd,Pacifica-Git,1,0
nervoussidd,Pheewww,1,0
nervoussidd,Shruti042003,1,0
nervoussidd,XEHIL,1,0
nervoussidd,chickenlj,1,0
nervoussidd,erdengk,1,0
nervoussidd,onikatanyamaraj,1,0
nervoussidd,qyaaaa,1,0
xitep,AlbumenJ,1,0
xitep,jfaryad,1,0
default,gauti098,1,0
default,rusackas,1,0
default,sfirke,1,0
Kiddinglife,jaimee07,1,5
Kiddinglife,ktmud,1,5
Kiddinglife,maltoze,1,5
Kiddinglife,villebro,1,5
frank-zsy,Ovilia,1,4
repository,amitmiran137,1,0
repository,dpgaspar,1,0
repository,formerdev,1,0
repository,mdeshmu,1,0
repository,mrshu,1,0
repository,nikhil-kuyya-talentas,1,0
repository,nytai,1,0
repository,shawnzhu,1,0
repository,vinit2580,1,0
umi-soft,aamingaa,1,0
umi-soft,fffguo,1,0
umi-soft,mujtaba1747,1,0
umi-soft,wcy666103,1,0
author,Taragolis,1,4
author,eladkal,1,4
author,mik-laj,1,4
author,uranusjr,1,4
author,vschettino,1,4
author,Jorricks,1,0
author,KCIV,1,0
author,file,1,0
author,potiuk,1,0
author,time,1,0
author,yuanke7,1,0
andotorg,potiuk,1,1
ToryZhou,Cuihongsen,1,0
ToryZhou,DspringL,1,0
ToryZhou,KT2024,1,0
ToryZhou,ZhangShiYeChina,1,0
ToryZhou,boooobao,1,0
ToryZhou,caochengxiang,1,0
ToryZhou,chickenlj,1,0
ToryZhou,ctcc-bestpay,1,0
ToryZhou,flying-2077,1,0
ToryZhou,goto456,1,0
ToryZhou,haoyann,1,0
ToryZhou,haroldyong,1,0
ToryZhou,hgwym,1,0
ToryZhou,ilaotan,1,0
ToryZhou,kenaosg,1,0
ToryZhou,keylihai,1,0
ToryZhou,kids1994,1,0
ToryZhou,laibb,1,0
ToryZhou,nannanfighting,1,0
ToryZhou,netsunn,1,0
ToryZhou,owen200008,1,0
ToryZhou,qinxingnet,1,0
ToryZhou,rightgenius,1,0
ToryZhou,romeoblog,1,0
ToryZhou,softliumin,1,0
ToryZhou,songxiaosheng,1,0
ToryZhou,walter211,1,0
ToryZhou,wcc1433,1,0
ToryZhou,xiaochangbai,1,0
ToryZhou,yizheWork,1,0
ToryZhou,zhangyungen,1,0
import,dosu,1,2
import,psongyoo,1,2
import,rusackas,1,2
RestController,amitmiran137,1,0
RestController,dpgaspar,1,0
RestController,formerdev,1,0
RestController,mdeshmu,1,0
RestController,mrshu,1,0
RestController,nikhil-kuyya-talentas,1,0
RestController,nytai,1,0
RestController,shawnzhu,1,0
RestController,vinit2580,1,0
kaojunsong,HzjNeverStop,1,0
kaojunsong,beiwei30,1,0
kaojunsong,chickenlj,1,0
kaojunsong,cvictory,1,0
liugddx,lilyzhang728,1,3
liugddx,luojiandan,1,3
nisarg1499,chickenlj,1,0
nisarg1499,cvictory,1,0
endypark,CrazyHZM,1,0
endypark,kexianjun,1,0
endypark,manzhizhen,1,0
ephraimbuddy,ad-m,1,0
ephraimbuddy,craig-rueda,1,0
ephraimbuddy,geido,1,0
ephraimbuddy,mvoitko,1,0
ephraimbuddy,nytai,1,0
ephraimbuddy,robdiciuccio,1,0
ephraimbuddy,wiktor2200,1,0
jedcunningham,ad-m,1,0
jedcunningham,craig-rueda,1,0
jedcunningham,geido,1,0
jedcunningham,mvoitko,1,0
jedcunningham,nytai,1,0
jedcunningham,robdiciuccio,1,0
jedcunningham,wiktor2200,1,0
potiuk,ad-m,1,0
potiuk,craig-rueda,1,0
potiuk,geido,1,0
potiuk,mvoitko,1,0
potiuk,nytai,1,0
potiuk,robdiciuccio,1,0
potiuk,wiktor2200,1,0
potiuk,Ousret,1,5
potiuk,john-bodley,1,5
potiuk,junlincc,1,5
potiuk,kivhub,1,5
potiuk,michael-s-molina,1,5
potiuk,mistercrunch,1,5
potiuk,rusackas,1,5
ashb,DevNoctis1001,1,1
ashb,KKcorps,1,1
ashb,ali-bahjati,1,1
ashb,cccs-rc,1,1
ashb,colax94,1,1
ashb,dpgaspar,1,1
ashb,ericandrewmeadows,1,1
ashb,ghosalya,1,1
ashb,intostern,1,1
ashb,jackyq2015,1,1
ashb,jtzl,1,1
ashb,manmeetkaur-kin,1,1
ashb,mistercrunch,2,6
ashb,parth-pb,1,1
ashb,paulvic,1,1
ashb,squalou,1,1
ashb,thunter009,1,1
ashb,tomklapka,1,1
ashb,victortony,1,1
ashb,vikramsinghchandel,1,1
ashb,villebro,1,1
ashb,vivekpradhan,1,1
ashb,Ousret,1,5
ashb,john-bodley,1,5
ashb,junlincc,1,5
ashb,kivhub,1,5
ashb,michael-s-molina,1,5
ashb,rusackas,1,5
albertopinardi,Miskho,1,0
albertopinardi,ajbosco,1,0
albertopinardi,bertrand-buffat,1,0
albertopinardi,eladkal,1,0
albertopinardi,george-zubrienko,1,0
albertopinardi,nicor88,1,0
albertopinardi,potiuk,1,0
george-zubrienko,uwine-fr,1,0
george-zubrienko,wengieeee,1,0
george-zubrienko,alldoami,1,0
george-zubrienko,betodealmeida,1,0
george-zubrienko,john-bodley,2,3
george-zubrienko,kristysiu-finn,1,0
george-zubrienko,musicmuthu,1,0
george-zubrienko,rusackas,2,3
george-zubrienko,sfirke,1,0
george-zubrienko,villebro,1,3
raphaelauv,Slach,1,0
raphaelauv,anilvpatel21,1,0
raphaelauv,calipeng,1,0
raphaelauv,hodgesrm,1,0
raphaelauv,junlincc,1,0
raphaelauv,nytai,1,0
raphaelauv,suedschwede,1,0
tirkarthi,Paulo456,1,3
tirkarthi,ambarishp,1,3
tirkarthi,aseembansal-gogo,1,3
tirkarthi,circobit,1,3
tirkarthi,dpgaspar,2,4
tirkarthi,grumbler,1,3
tirkarthi,hungpv29,1,3
tirkarthi,ohappykust,1,3
tirkarthi,pashtet04,1,3
tirkarthi,rusackas,2,3
tirkarthi,steliosph,1,0
kaxil,DevNoctis1001,1,1
kaxil,KKcorps,1,1
kaxil,ali-bahjati,1,1
kaxil,cccs-rc,1,1
kaxil,colax94,1,1
kaxil,dpgaspar,1,1
kaxil,ericandrewmeadows,1,1
kaxil,ghosalya,1,1
kaxil,intostern,1,1
kaxil,jackyq2015,1,1
kaxil,jtzl,1,1
kaxil,manmeetkaur-kin,1,1
kaxil,mistercrunch,1,1
kaxil,parth-pb,1,1
kaxil,paulvic,1,1
kaxil,squalou,1,1
kaxil,thunter009,1,1
kaxil,tomklapka,1,1
kaxil,victortony,1,1
kaxil,vikramsinghchandel,1,1
kaxil,villebro,1,1
kaxil,vivekpradhan,1,1
kaxil,ad-m,1,0
kaxil,craig-rueda,1,0
kaxil,geido,1,0
kaxil,mvoitko,1,0
kaxil,nytai,1,0
kaxil,robdiciuccio,1,0
kaxil,wiktor2200,1,0
kosteev,DevNoctis1001,1,1
kosteev,KKcorps,1,1
kosteev,ali-bahjati,1,1
kosteev,cccs-rc,1,1
kosteev,colax94,1,1
kosteev,dpgaspar,1,1
kosteev,ericandrewmeadows,1,1
kosteev,ghosalya,1,1
kosteev,intostern,1,1
kosteev,jackyq2015,1,1
kosteev,jtzl,1,1
kosteev,manmeetkaur-kin,1,1
kosteev,mistercrunch,1,1
kosteev,parth-pb,1,1
kosteev,paulvic,1,1
kosteev,squalou,1,1
kosteev,thunter009,1,1
kosteev,tomklapka,1,1
kosteev,victortony,1,1
kosteev,vikramsinghchandel,1,1
kosteev,villebro,1,1
kosteev,vivekpradhan,1,1
thesuperzapper,Asturias-sam,1,4
thesuperzapper,amitmiran137,1,4
thesuperzapper,naikus,1,4
thesuperzapper,parthasil92,1,4
thesuperzapper,usamaB,1,4
leahecole,DevNoctis1001,1,1
leahecole,KKcorps,1,1
leahecole,ali-bahjati,1,1
leahecole,cccs-rc,1,1
leahecole,colax94,1,1
leahecole,dpgaspar,1,1
leahecole,ericandrewmeadows,1,1
leahecole,ghosalya,1,1
leahecole,intostern,1,1
leahecole,jackyq2015,1,1
leahecole,jtzl,1,1
leahecole,manmeetkaur-kin,1,1
leahecole,mistercrunch,1,1
leahecole,parth-pb,1,1
leahecole,paulvic,1,1
leahecole,squalou,1,1
leahecole,thunter009,1,1
leahecole,tomklapka,1,1
leahecole,victortony,1,1
leahecole,vikramsinghchandel,1,1
leahecole,villebro,1,1
leahecole,vivekpradhan,1,1
AzeemIqbal,3mmdrew,1,0
AzeemIqbal,GuyAttia,1,0
AzeemIqbal,HeathLee,1,0
AzeemIqbal,SharonCastel,1,0
AzeemIqbal,aidatabases,1,0
AzeemIqbal,aparlapalli,1,0
AzeemIqbal,joannren,1,0
AzeemIqbal,kleky,1,0
AzeemIqbal,rusackas,1,0
AzeemIqbal,yousoph,1,0
localhost,alexvkaam,1,0
localhost,potiuk,1,0
mik-laj,ad-m,2,0
mik-laj,asadUllah58,1,0
mik-laj,etr2460,2,3
mik-laj,geido,2,0
mik-laj,hughhhh,1,0
mik-laj,jayakrishnankk,1,0
mik-laj,kgabryje,1,0
mik-laj,michael-s-molina,1,0
mik-laj,nytai,2,0
mik-laj,srinify,1,0
mik-laj,zhaoyongjie,1,0
mik-laj,craig-rueda,1,0
mik-laj,mvoitko,1,0
mik-laj,robdiciuccio,1,0
mik-laj,wiktor2200,1,0
mik-laj,kristw,1,3
mik-laj,ktmud,1,3
mik-laj,mistercrunch,1,3
mik-laj,rusackas,1,3
mik-laj,willbarrett,1,3
vrychkov-repay,ddhanabalan,1,0
vrychkov-repay,mdeshmu,1,0
tseruga,HESyang,1,0
tseruga,geido,1,0
tseruga,jiaoyang3,1,0
tseruga,mkrishna23,1,0
tseruga,pellepelle3,1,0
tseruga,rpwils98,1,0
tseruga,rusackas,1,0
tseruga,shingote15,1,0
tseruga,ved-kashyap-samsung,1,0
nicolas-gaillard,drummerwolli,1,0
nicolas-gaillard,frabenetti,1,0
nicolas-gaillard,giacomochiarella,1,0
nicolas-gaillard,giovannipapini-agilelab,1,0
nicolas-gaillard,ivan-price-acted,1,0
nicolas-gaillard,rohitpawar2811,1,0
nicolas-gaillard,rusackas,1,0
nicolas-gaillard,sfirke,1,0
lihan,adhi-moves,1,0
lihan,codegeekjk,1,0
lihan,cseHdz,1,0
lihan,schickler-t-ziegler,1,0
lihan,zuzana-vej,1,0
lihan,eschutho,1,0
lihan,john-bodley,1,0
lihan,lilykuang,1,0
lihan,mdeshmu,1,0
lihan,michael-s-molina,1,0
lihan,rusackas,1,0
lihan,ulfsa,1,0
lihan,villebro,1,0
lihan,vivek-kandhvar,1,0
lihan,yousoph,1,0
blcksrx,visakhmurukes,2,10
blcksrx,ayushbilala,1,7
blcksrx,digitalfox,1,7
blcksrx,dpgaspar,3,12
blcksrx,elukey,1,7
blcksrx,gregmazur,1,7
blcksrx,iercan,1,7
blcksrx,mistercrunch,6,21
blcksrx,openstack-mirroring,1,7
blcksrx,villebro,3,15
blcksrx,craig-rueda,1,4
blcksrx,dataf3l,1,4
blcksrx,edge7,1,4
blcksrx,facePlanted,1,4
blcksrx,farhatabbas,1,4
blcksrx,john-sandall,1,4
blcksrx,metaperl,1,4
blcksrx,miquel-simo,1,4
blcksrx,soumendra,1,4
blcksrx,Demonya,1,2
blcksrx,mingyumkim93,1,2
blcksrx,jackyq2015,1,2
blcksrx,graceguo-supercat,1,2
blcksrx,rubypollev,1,2
blcksrx,prajamani,1,2
blcksrx,GGPay,1,3
blcksrx,MarcusSorealheis,1,3
blcksrx,XuanmoFeng,1,3
blcksrx,garima301984,1,3
blcksrx,lhsvobodaj,1,3
blcksrx,omejiasq,1,3
blcksrx,robdiciuccio,1,5
blcksrx,ericandrewmeadows,1,2
blcksrx,joicejacob,1,2
blcksrx,paritoshjchandran,1,2
aglipska,DevNoctis1001,1,1
aglipska,KKcorps,1,1
aglipska,ali-bahjati,1,1
aglipska,cccs-rc,1,1
aglipska,colax94,1,1
aglipska,dpgaspar,1,1
aglipska,ericandrewmeadows,1,1
aglipska,ghosalya,1,1
aglipska,intostern,1,1
aglipska,jackyq2015,1,1
aglipska,jtzl,1,1
aglipska,manmeetkaur-kin,1,1
aglipska,mistercrunch,1,1
aglipska,parth-pb,1,1
aglipska,paulvic,1,1
aglipska,squalou,1,1
aglipska,thunter009,1,1
aglipska,tomklapka,1,1
aglipska,victortony,1,1
aglipska,vikramsinghchandel,1,1
aglipska,villebro,1,1
aglipska,vivekpradhan,1,1
PApostol,Naich,1,0
PApostol,betodealmeida,1,0
PApostol,geido,1,0
PApostol,junlincc,1,0
PApostol,mapshen,1,0
PApostol,nicovak,1,0
PApostol,rubenssoto,1,0
PApostol,rumbin,1,0
PApostol,rusackas,1,0
PApostol,thomas-ca-pro,1,0
PApostol,ziggekatten,1,0
PApostol,zrait,1,0
dungdm93,ephraimbuddy,2,0
dungdm93,kaxil,2,0
dungdm93,potiuk,3,0
dungdm93,BasPH,1,0
dungdm93,Datkros,1,0
dungdm93,DrFaust92,1,0
dungdm93,SamWheating,1,0
dungdm93,aa3pankaj,1,0
dungdm93,alete89,1,0
dungdm93,ashwin153,1,0
dungdm93,auvipy,1,0
dungdm93,avkirilishin,1,0
dungdm93,blag,1,0
dungdm93,boredland,1,0
dungdm93,chenglongyan,1,0
dungdm93,coinzerge,1,0
dungdm93,collinmcnulty,1,0
dungdm93,davidcaron,1,0
dungdm93,easontm,1,0
dungdm93,ecerulm,1,0
dungdm93,howardyoo,1,0
dungdm93,hubert-pietron,1,0
dungdm93,ignaski,1,0
dungdm93,jakubczaplicki,1,0
dungdm93,jedcunningham,1,0
dungdm93,jon-fearer,1,0
dungdm93,josh-fell,1,0
dungdm93,kaushikparanjpe,1,0
dungdm93,kushsharma,1,0
dungdm93,lionheart106008,1,0
dungdm93,ljades,1,0
dungdm93,lostkamp,1,0
dungdm93,lwyszomi,1,0
dungdm93,microhuang,1,0
dungdm93,o-nikolas,1,0
dungdm93,satishmittal111,1,0
dungdm93,smartnewsdingli,1,0
dungdm93,stablum,1,0
dungdm93,tsingh2k15,1,0
dungdm93,uplsh580,1,0
dungdm93,uranusjr,1,0
dungdm93,wanlce,1,0
dungdm93,yuqian90,1,0
dungdm93,zachliu,1,0
jakubczaplicki,ceastman-ibm,1,2
jakubczaplicki,dpgaspar,1,2
jakubczaplicki,jmarxuach,1,2
jakubczaplicki,CodeingBoy,1,0
jakubczaplicki,devbrunorm,1,0
jakubczaplicki,geido,2,0
jakubczaplicki,rusackas,1,0
jakubczaplicki,IvanRibakov,1,0
jakubczaplicki,MCBoarder289,1,0
jakubczaplicki,Ribo01,1,0
jakubczaplicki,Trolann,1,0
jakubczaplicki,WeskerC,1,0
jakubczaplicki,averri,1,0
jakubczaplicki,boulund,1,0
jakubczaplicki,hannody,1,0
jakubczaplicki,mahajnay,1,0
jakubczaplicki,sfirke,1,0
jakubczaplicki,xusongtao,1,0
jakubczaplicki,zhaolandelong,1,0
yzliao-zip,AlekseyMay,1,2
yzliao-zip,Samira-El,1,2
yzliao-zip,akkbng,1,2
yzliao-zip,anilkumar000,1,2
yzliao-zip,betodealmeida,1,2
yzliao-zip,dobrych,1,2
yzliao-zip,dungdm93,1,2
yzliao-zip,michael-s-molina,1,2
yzliao-zip,mistercrunch,1,2
yzliao-zip,musicmuthu,1,2
yzliao-zip,padbk,1,2
yzliao-zip,rusackas,2,4
yzliao-zip,torzsmokus,1,2
yzliao-zip,villebro,2,4
yzliao-zip,wearpants,1,2
yzliao-zip,dpgaspar,1,2
aoelvp94,amitmiran137,1,0
aoelvp94,insatomcat,1,0
yeachan153,ashutoshcipher,1,0
yeachan153,potiuk,2,0
yeachan153,tanelk,1,1
bolkedebruin,Head,1,0
bolkedebruin,ilyaminati,1,0
bolkedebruin,mistercrunch,5,18
bolkedebruin,amitmiran137,2,8
bolkedebruin,ktmud,1,2
bolkedebruin,rusackas,2,5
bolkedebruin,aman101097,1,6
bolkedebruin,anandhurajan,1,6
bolkedebruin,frafra,1,6
bolkedebruin,imsuresh97,1,6
bolkedebruin,ispulkit,1,6
bolkedebruin,john-bodley,1,6
bolkedebruin,junlincc,1,6
bolkedebruin,kristw,2,6
bolkedebruin,kunal15145,1,6
bolkedebruin,lexisstv,1,6
bolkedebruin,nuevoleonkx,1,6
bolkedebruin,nytai,1,6
bolkedebruin,sivasankarsani737,1,6
bolkedebruin,villebro,1,6
bolkedebruin,suddjian,1,3
totogo,CoderYellow,1,5
totogo,CoryChaplin,1,5
totogo,antunesemerson,1,5
totogo,aurelsaillant,1,5
totogo,prasadrao82,1,5
totogo,rjurney,1,5
totogo,xiaohao0576,1,5
riccardo-salamanna,geido,1,0
likecodingloveproblems,AnalogAnt,1,3
likecodingloveproblems,Charlygraphy23,1,3
likecodingloveproblems,bgreenlee,1,3
likecodingloveproblems,eschutho,1,3
likecodingloveproblems,geido,1,3
likecodingloveproblems,rusackas,1,3
likecodingloveproblems,yousoph,1,3
likecodingloveproblems,Ruframapi,1,0
likecodingloveproblems,amrishparmar,1,0
likecodingloveproblems,anujpareeksynoriq,1,0
likecodingloveproblems,basaravikiran,1,0
likecodingloveproblems,cclements128,1,0
likecodingloveproblems,dsidlo,1,0
likecodingloveproblems,frafra,1,0
likecodingloveproblems,grebaza,1,0
likecodingloveproblems,jonathanStrange0,1,0
likecodingloveproblems,jsanko9,1,0
likecodingloveproblems,lsyarn,1,0
likecodingloveproblems,mail2lawi,1,0
likecodingloveproblems,nickbp,1,0
likecodingloveproblems,poxeron,1,0
likecodingloveproblems,probablyangg,1,0
likecodingloveproblems,pvergain,1,0
likecodingloveproblems,raivtash,1,0
likecodingloveproblems,ronaldvanrij,1,0
likecodingloveproblems,santicomp2014,1,0
likecodingloveproblems,soitgoes511,1,0
likecodingloveproblems,srinify,1,0
likecodingloveproblems,vijayadeeptim,1,0
likecodingloveproblems,villebro,1,0
likecodingloveproblems,wildsonc,1,0
likecodingloveproblems,zhaoyongjie,1,0
gbonazzoli,GiannisDimitriou,1,5
gbonazzoli,dinhthengoc2021998,1,5
tanmaykansara,Taragolis,1,4
tanmaykansara,iglikoxha,1,4
tanmaykansara,potiuk,1,4
tanmaykansara,surya9teja,1,4
tanmaykansara,aritra24,1,0
tanmaykansara,eladkal,1,0
tanmaykansara,task,1,0
tullis,Taragolis,2,1
tullis,pavelpi,1,1
tullis,BobDu,1,0
tullis,HurSungYun,1,0
tullis,Kache,1,0
tullis,Lee-W,1,0
tullis,alephmelo,1,0
tullis,amoghrajesh,1,0
tullis,ant-bl,1,0
tullis,ardubev16,1,0
tullis,avkirilishin,1,0
tullis,babinos87,1,0
tullis,crabio,1,0
tullis,csp33,1,0
tullis,dirrao,1,0
tullis,dolfinus,1,0
tullis,dstandish,1,0
tullis,eliskovets,1,0
tullis,ephraimbuddy,1,0
tullis,evgenyslab,1,0
tullis,fuatcakici,1,0
tullis,gabrielbrittes,1,0
tullis,hussein-awala,1,0
tullis,internetcoffeephone,1,0
tullis,joaopamaral,1,0
tullis,joshowen,1,0
tullis,jscheffl,1,0
tullis,kacpermuda,1,0
tullis,kaxil,1,0
tullis,llamageddon83,1,0
tullis,noamcohen97,1,0
tullis,pateash,1,0
tullis,potiuk,1,0
tullis,raphaelauv,1,0
tullis,romsharon98,1,0
tullis,shohamy7,1,0
tullis,teihenn,1,0
tullis,timonviola,1,0
tullis,uranusjr,1,0
tullis,vchiapaikeo,1,0
tullis,vincbeck,1,0
tullis,zachliu,1,0
amolsr,Jkraft7,1,0
amolsr,rusackas,1,0
amolsr,zhaorui2022,1,0
amolsr,andrec84j,1,2
amolsr,dosu,1,2
amolsr,dufour-yohann,1,2
amolsr,sfirke,1,2
gaurav7261,justinpark,1,0
gaurav7261,michael-s-molina,1,0
gaurav7261,sadpandajoe,1,0
AronsonDan,craig-rueda,1,0
AronsonDan,rusackas,1,0
staticmethod,EBoisseauSierra,1,0
staticmethod,GiovanniThysMichel,1,0
staticmethod,betodealmeida,1,0
staticmethod,eschutho,1,0
staticmethod,melnikovmaksimv,1,0
staticmethod,rusackas,1,0
staticmethod,srinisubramanian,1,0
staticmethod,classmethod,1,0
staticmethod,haimingOu,1,0
staticmethod,msestak,1,0
staticmethod,villebro,1,0
staticmethod,wanghong1314,1,0
priyank-cloud,kamalkeshavani-aiinside,1,0
priyank-cloud,rusackas,1,0
priyank-cloud,sdezza,1,0
murinmat,Adaverse,1,0
murinmat,ByPort,1,0
murinmat,Felix-neko,1,0
murinmat,Joffreybvn,1,0
murinmat,Lee-W,1,0
murinmat,Narendra-Neerukonda,1,0
murinmat,Rurushu13,1,0
murinmat,SamWheating,1,0
murinmat,Satoshi-Sh,1,0
murinmat,Taragolis,1,0
murinmat,Tenzer,1,0
murinmat,amoghrajesh,1,0
murinmat,andylamp,1,0
murinmat,anteverse,1,0
murinmat,aritra24,1,0
murinmat,arovira,1,0
murinmat,aru-trackunit,1,0
murinmat,ashb,1,0
murinmat,avkirilishin,1,0
murinmat,barrysteyn,1,0
murinmat,bbovenzi,1,0
murinmat,bolkedebruin,1,0
murinmat,charleschang0531,1,0
murinmat,ckljohn,1,0
murinmat,csp33,1,0
murinmat,devscheffer,1,0
murinmat,dstandish,1,0
murinmat,eladkal,1,0
murinmat,ephraimbuddy,2,1
murinmat,hterik,1,0
murinmat,hussein-awala,1,0
murinmat,im-perativa,1,0
murinmat,jedcunningham,1,0
murinmat,jkramer-ginkgo,1,0
murinmat,jscheffl,1,0
murinmat,jsgh7276,1,0
murinmat,kn3609571,1,0
murinmat,koushik-rout-samsung,1,0
murinmat,maiconkkl,1,0
murinmat,patgarz,1,0
murinmat,potiuk,2,1
murinmat,raphaelauv,1,0
murinmat,rawwar,1,0
murinmat,ryandutton,1,0
murinmat,sktemkar16,1,0
murinmat,tobiaszorzetto,1,0
murinmat,vatsrahul1001,1,0
murinmat,vchiapaikeo,1,0
murinmat,vincbeck,1,0
murinmat,vlieven,1,0
murinmat,abhishekbhakat,1,1
murinmat,sunank200,1,1
c-thiel,Patrick-Boerzel-Qunis,1,0
c-thiel,rusackas,2,5
c-thiel,cgivre,1,5
c-thiel,jduo,1,5
c-thiel,villebro,1,5
AlexisBRENON,rusackas,1,2
zakaryanla,Bowrna,1,0
zakaryanla,bbovenzi,1,0
zakaryanla,ephraimbuddy,1,0
zakaryanla,erdos2n,1,0
zakaryanla,potiuk,1,0
zakaryanla,uranusjr,1,0
zakaryanla,yashk97,1,0
whitleykeith,derbysh,1,0
whitleykeith,dvdotsenko,1,0
whitleykeith,mistercrunch,1,0
thinhnd2104,rusackas,2,0
thinhnd2104,hiboyang,1,0
thinhnd2104,michael-s-molina,1,0
thinhnd2104,philipher29,1,0
thinhnd2104,villebro,1,0
thinhnd2104,amihaygil,1,0
thinhnd2104,eschutho,1,0
thinhnd2104,macsir,1,0
thinhnd2104,meixikyi,1,0
thinhnd2104,mohrman,1,0
thinhnd2104,yousoph,1,0
iercan,bbovenzi,1,0
iercan,eladkal,2,0
iercan,AutomationDev85,1,0
iercan,ahipp13,1,0
iercan,ajbosco,1,0
iercan,arroadie,1,0
iercan,ashb,2,1
iercan,atrbgithub,1,0
iercan,betocolon23,1,0
iercan,bmoon4,1,0
iercan,cloventt,1,0
iercan,dylanturn,1,0
iercan,ephraimbuddy,1,0
iercan,gitruhul,1,0
iercan,hterik,1,0
iercan,jhtimmins,1,0
iercan,jscheffl,1,0
iercan,leahecole,2,1
iercan,lockkie0,1,0
iercan,luebbert42,1,0
iercan,matteosdocsity,1,0
iercan,mdering,1,0
iercan,mjkonarski-b,1,0
iercan,potiuk,3,2
iercan,shawnngtq,1,0
iercan,stephenonethree,1,0
iercan,uranusjr,1,0
iercan,zachliu,1,0
iercan,JustMaris,1,1
iercan,Shivamtayal99,1,1
iercan,agamjainTW,1,1
iercan,anmtan,1,1
iercan,emilianomoscato,1,1
iercan,gcalmettes,1,1
iercan,hao-zhang-aurora,1,1
iercan,kaxil,2,2
iercan,omoussa1,1,1
iercan,schwartzmx,1,1
iercan,sinhapiyushkr,1,1
iercan,thesuperzapper,2,2
iercan,vikramkoka,1,1
iercan,yakimetsd,1,1
iercan,aglipska,1,1
iercan,cfei18,1,1
iercan,fallen-up,1,1
iercan,hossein-jazayeri,1,1
iercan,kosteev,1,1
iercan,ryanahamilton,1,1
iercan,waltermaldonado,1,1
shawnngtq,cjwin2000,1,0
shawnngtq,gfixlabs,1,0
shawnngtq,gotounix,1,0
shawnngtq,nytai,1,0
shawnngtq,rusackas,1,0
sekikn,kristw,1,0
sekikn,mistercrunch,1,0
humbledude,villebro,1,0
humbledude,yousoph,1,0
humbledude,ProjectsOfMLee,1,0
humbledude,amitmiran137,1,0
humbledude,klazaj,1,0
humbledude,lazuardi21,1,0
humbledude,nigzak,1,0
humbledude,oguzhanyediel,1,0
humbledude,rusackas,1,0
humbledude,saulshao,1,0
humbledude,tkachuk09,1,0
Piyush-Fury,dosu,1,3
brouberol,rusackas,2,0
brouberol,xingyc15,1,0
brouberol,RyzhkovIlia,1,0
brouberol,bkyryliuk,1,0
brouberol,eyalsh99,1,0
brouberol,ghost,1,0
brouberol,john-bodley,1,0
brouberol,sfirke,1,0
brouberol,villebro,1,0
debimishra89,rusackas,1,0
xinbinhuang,amitmiran137,1,0
xinbinhuang,betodealmeida,2,4
xinbinhuang,sairamkrish,2,4
xinbinhuang,craig-rueda,1,4
xinbinhuang,dpgaspar,1,4
xinbinhuang,etr2460,1,4
xinbinhuang,john-bodley,1,4
xinbinhuang,metaperl,1,4
xinbinhuang,michael-s-molina,1,4
xinbinhuang,mistercrunch,1,4
xinbinhuang,nytai,1,4
xinbinhuang,rusackas,1,4
xinbinhuang,villebro,1,4
xinbinhuang,willbarrett,1,4
caiobelfort,D-Mahajan,1,3
caiobelfort,bipinkc19,1,3
caiobelfort,dev-bin,1,3
caiobelfort,junlincc,1,3
caiobelfort,mfyuce,1,3
caiobelfort,villebro,1,3
1nF0rmed,geido,1,2
1nF0rmed,jinghua-qa,1,2
1nF0rmed,junlincc,2,2
1nF0rmed,stephenLYZ,1,2
1nF0rmed,dpgaspar,1,0
1nF0rmed,lilykuang,1,0
dmateusp,Bearprimer,1,4
dmateusp,StefanoMagrassi,1,4
dmateusp,pissang,1,4
dmateusp,plainheart,1,4
mgorsk1,nytai,1,0
mgorsk1,adrianpostoaca,1,0
mgorsk1,rusackas,2,0
mgorsk1,srinify,1,0
mgorsk1,villebro,2,0
mgorsk1,DharaniK,1,0
mgorsk1,Larissa-Rocha,1,0
mgorsk1,edjannoo,1,0
mgorsk1,mistercrunch,1,0
raefezzeldin,suddjian,1,0
raefezzeldin,rusackas,1,2
raefezzeldin,srinify,1,2
dpgaspar,Bowrna,1,0
dpgaspar,OfirSabanBitSight,1,0
dpgaspar,blag,1,0
dpgaspar,gmsantos,1,0
dpgaspar,johannesjung,1,0
dpgaspar,josh-fell,1,0
dpgaspar,krcrouse,1,0
dpgaspar,lacohen,1,0
dpgaspar,leahecole,1,0
dpgaspar,potiuk,6,3
dpgaspar,sainman,1,0
dpgaspar,sk0928,1,0
dpgaspar,thesuperzapper,2,1
dpgaspar,RafayAK,1,1
dpgaspar,Thingus,1,1
dpgaspar,agrounds,1,1
dpgaspar,edgarrmondragon,1,1
dpgaspar,graingert,1,1
dpgaspar,kaxil,3,2
dpgaspar,mitsuhiko,1,1
dpgaspar,uranusjr,1,1
dpgaspar,venkaa6,1,1
dpgaspar,bbovenzi,1,0
dpgaspar,eladkal,2,1
dpgaspar,ephraimbuddy,1,0
dpgaspar,jedcunningham,2,1
dpgaspar,jhtimmins,1,0
dpgaspar,feluelle,1,1
dpgaspar,gvillafanetapia,1,1
dpgaspar,juanmanuelcarreira,1,1
dpgaspar,sensei100,1,1
dpgaspar,vparmeland,1,1
dpgaspar,zachliu,1,1
dpgaspar,ayush-san,1,0
dpgaspar,hussein-awala,1,0
dpgaspar,jscheffl,1,0
dpgaspar,sunank200,1,0
dpgaspar,tirkarthi,1,0
dpgaspar,JustMaris,1,1
dpgaspar,Shivamtayal99,1,1
dpgaspar,agamjainTW,1,1
dpgaspar,anmtan,1,1
dpgaspar,emilianomoscato,1,1
dpgaspar,gcalmettes,1,1
dpgaspar,hao-zhang-aurora,1,1
dpgaspar,omoussa1,1,1
dpgaspar,schwartzmx,1,1
dpgaspar,sinhapiyushkr,1,1
dpgaspar,vikramkoka,1,1
dpgaspar,yakimetsd,1,1
sweco,dpgaspar,1,0
sweco,Praytic,1,4
sweco,saviobabu,1,4
Ayushsunny,alexInhert,1,0
Ayushsunny,dillonjohnson,1,0
Ayushsunny,eladkal,1,0
Ayushsunny,potiuk,1,0
Ayushsunny,sagmansercan,1,0
Ayushsunny,zevaverbach,1,0
Ayushsunny,MatanBobi,1,0
Ayushsunny,amitmiran137,1,0
Ayushsunny,junlincc,1,0
Ayushsunny,michael-s-molina,1,0
Ayushsunny,rusackas,1,0
tooptoop4,ashb,12,5
tooptoop4,kaxil,9,7
tooptoop4,zobnec,1,1
tooptoop4,fuyi,1,0
tooptoop4,zorseti,1,0
tooptoop4,eladkal,6,4
tooptoop4,michael-kotliar,1,0
tooptoop4,mik-laj,4,1
tooptoop4,alex-astronomer,1,0
tooptoop4,doowhtron,1,0
tooptoop4,potiuk,9,4
tooptoop4,ivica-k,1,0
tooptoop4,lmaczulajtys,1,0
tooptoop4,vikramkoka,5,2
tooptoop4,ephraimbuddy,4,2
tooptoop4,BenoitHanotte,1,1
tooptoop4,MhmtErsy,1,1
tooptoop4,andrelop,1,1
tooptoop4,andytrigg,2,2
tooptoop4,anitakrueger,1,1
tooptoop4,ashaw27,1,1
tooptoop4,chandu-007,1,1
tooptoop4,csherrell,1,1
tooptoop4,gcristian,1,1
tooptoop4,huozhanfeng,1,1
tooptoop4,jacoDentsu,1,1
tooptoop4,jvictorchen,1,1
tooptoop4,kondla,1,1
tooptoop4,moranlemusj,1,1
tooptoop4,noelmcloughlin,1,1
tooptoop4,phtechwohletz,1,1
tooptoop4,quinten-goens,1,1
tooptoop4,resident-chaos-monkey,1,1
tooptoop4,sunny760408,1,1
tooptoop4,turbaszek,2,2
tooptoop4,yevsh,1,1
tooptoop4,dephusluke,1,0
tooptoop4,stijndehaes,1,0
tooptoop4,andres-lowrie,1,0
tooptoop4,d3centr,1,1
tooptoop4,nicor88,1,1
tooptoop4,thesuperzapper,2,1
tooptoop4,Alibm73-zz,1,3
tooptoop4,epx-dan,1,3
tooptoop4,joshowen,1,0
tooptoop4,afsalabdup,1,0
tooptoop4,barmanand,1,1
tooptoop4,goakgun,1,1
tooptoop4,Unit03,1,1
tooptoop4,manesioz,1,1
tooptoop4,Nimesh-K-Makwana,1,1
tooptoop4,alexbegg,1,1
tooptoop4,blag,1,1
tooptoop4,char101,1,1
tooptoop4,iicky,1,1
tooptoop4,jedcunningham,1,1
tooptoop4,jhtimmins,1,1
tooptoop4,kosteev,1,1
tooptoop4,krishnacdunuka,1,1
tooptoop4,zachliu,1,1
tooptoop4,Abhishekchechani,1,1
tooptoop4,jumiller-cotiviti,1,1
tooptoop4,xpyct600,1,1
do-it-tim,neerajd12,1,0
do-it-tim,rusackas,1,0
Khrol,Deckel,1,0
Khrol,EBunto,1,0
Khrol,a-bartoszek,1,0
Khrol,chitxxx,1,0
Khrol,fikriabror,1,0
Khrol,rusackas,1,0
Khrol,sfirke,1,0
Karpisek,akashr050,1,5
Karpisek,lanyusea,1,5
Karpisek,luutomas,1,5
Karpisek,rusackas,1,5
Karpisek,smetis,1,5
Karpisek,suddjian,1,5
nghilethanh-atherlabs,Kir89,1,5
nghilethanh-atherlabs,dpgaspar,1,5
nghilethanh-atherlabs,harish345,1,5
nghilethanh-atherlabs,shailendrasingh98,1,5
nghilethanh-atherlabs,vietvudanh,1,5
khannavivek,junlincc,1,0
khannavivek,srinify,1,0
akizminet,KulykDmytro,1,1
akizminet,dstandish,1,1
akizminet,eTopchik,1,1
akizminet,potiuk,1,1
akizminet,uranusjr,1,1
sbbagal13,eladkal,1,1
sbbagal13,potiuk,1,1
sbbagal13,tirkarthi,1,1
michalmisiewicz,amitmiran137,1,2
michalmisiewicz,fouadaabid,1,2
michalmisiewicz,graceguo-supercat,1,2
michalmisiewicz,junlincc,1,2
michalmisiewicz,rusackas,1,2
michalmisiewicz,scriminaci,1,2
michalmisiewicz,villebro,1,2
michalmisiewicz,chrisngene,1,5
francescomucio,LeoDiep,1,0
francescomucio,MaslikovEgor,1,0
francescomucio,goldjee,1,0
francescomucio,hverlin,1,0
francescomucio,juanchristensen,1,0
francescomucio,kevinpostlewaite,1,0
francescomucio,michael-s-molina,1,0
francescomucio,raags,1,0
francescomucio,rascasse83,1,0
francescomucio,vietvudanh,1,0
ryw,beautah,1,0
ryw,eugeniamz,1,0
ryw,jokus-pokus,1,0
ryw,liuxp311,1,0
ryw,mohimirza,1,0
ryw,dali-trabelsi,1,0
ryw,frafra,4,0
ryw,moonboots,6,5
ryw,pabloascarza,1,0
ryw,rusackas,3,0
ryw,vivek-kandhvar,1,0
ryw,Habeeb556,1,5
ryw,PayneZx,1,5
ryw,edevil,3,5
ryw,jeremi,5,5
ryw,nld-8832,1,5
ryw,VivekGupta97,1,0
ryw,Shisir99,1,0
ryw,Abhijeetsinghjat,1,0
ryw,Kunalshinde15,1,0
ryw,Skryabind,1,0
ryw,aljasem-tech,1,0
ryw,sfirke,1,0
ryw,liuyong888,1,0
ryw,xrmx,1,0
ryw,zhaoyongjie,1,0
TheSuperAgent,amihaygil,1,0
TheSuperAgent,eschutho,1,0
TheSuperAgent,macsir,1,0
TheSuperAgent,meixikyi,1,0
TheSuperAgent,mohrman,1,0
TheSuperAgent,rusackas,1,0
TheSuperAgent,yousoph,1,0
TheSuperAgent,srinify,1,0
jensenity,Asturias-sam,1,0
jensenity,CountRedClaw,1,0
jensenity,dpgaspar,1,0
jensenity,dusatvoj,1,0
jensenity,heul,1,0
jensenity,junlincc,1,0
jensenity,nytai,1,0
jensenity,vivekpradhan,1,0
jensenity,willbarrett,1,0
gfelot,hchen98,1,0
gfelot,junlincc,1,0
amodig,DevNoctis1001,1,1
amodig,KKcorps,1,1
amodig,ali-bahjati,1,1
amodig,cccs-rc,1,1
amodig,colax94,1,1
amodig,dpgaspar,1,1
amodig,ericandrewmeadows,1,1
amodig,ghosalya,1,1
amodig,intostern,1,1
amodig,jackyq2015,1,1
amodig,jtzl,1,1
amodig,manmeetkaur-kin,1,1
amodig,mistercrunch,1,1
amodig,parth-pb,1,1
amodig,paulvic,1,1
amodig,squalou,1,1
amodig,thunter009,1,1
amodig,tomklapka,1,1
amodig,victortony,1,1
amodig,vikramsinghchandel,1,1
amodig,villebro,1,1
amodig,vivekpradhan,1,1
ankh6,classmethod,1,0
ankh6,junlincc,1,0
ankh6,ktmud,1,0
ankh6,zhaoyongjie,1,0
tomasfarias,RosterIn,1,0
tomasfarias,eladkal,1,0
tomasfarias,ferruzzi,1,0
tomasfarias,kaxil,1,0
tomasfarias,mik-laj,1,0
dark-spark2,eagle8089,1,3
dark-spark2,willbarrett,1,3
houqp,CisorKnight,1,0
houqp,Narender-007,1,0
houqp,dcarvalhal,1,0
houqp,haripraghash,1,0
houqp,rusackas,1,0
houqp,sfirke,1,0
houqp,sharky93,1,0
mtsadler,aaskary,1,3
mtsadler,arojas,1,3
mtsadler,arojas314,1,3
mtsadler,benrii22,1,3
mtsadler,intgr,1,3
mtsadler,jaanli,1,3
mtsadler,john-curry871,1,3
mtsadler,newpoo,1,3
mtsadler,pauliuxasz,1,3
mtsadler,pundirg,1,3
mtsadler,reuben,1,3
mtsadler,sazary,1,3
notatallshaw,ali-bahjati,1,5
yoavo-datricks,andrey-zayats,1,0
yoavo-datricks,geido,1,0
yoavo-datricks,rusackas,1,0
yoavo-datricks,shreesham,1,0
yoavo-datricks,srinify,1,0
WesleyBatista,Aymane11,1,0
WesleyBatista,EMCP,1,0
WesleyBatista,alanorth,1,0
WesleyBatista,cll-mtk,1,0
WesleyBatista,cwegener,1,0
WesleyBatista,dat-linux,1,0
WesleyBatista,dpgaspar,1,0
WesleyBatista,eogren,1,0
WesleyBatista,eschutho,1,0
WesleyBatista,hubrix,1,0
WesleyBatista,kokiers,1,0
WesleyBatista,marcos-mendez,1,0
WesleyBatista,srinify,1,0
WesleyBatista,trimat1,1,0
WesleyBatista,zhaoyongjie,1,0
terekete,Mause,1,0
terekete,alitrack,1,0
terekete,armando-fandango,1,0
terekete,philipher29,1,0
terekete,ravikishorer,1,0
terekete,rwhaling,1,0
terekete,srinify,1,0
terekete,villebro,1,0
terekete,zhaoyongjie,1,0
fritzb,iercan,1,0
fritzb,michael-s-molina,1,0
fritzb,srinify,1,0
fritzb,villebro,1,0
galuszkak,DevNoctis1001,1,1
galuszkak,KKcorps,1,1
galuszkak,ali-bahjati,1,1
galuszkak,cccs-rc,1,1
galuszkak,colax94,1,1
galuszkak,dpgaspar,1,1
galuszkak,ericandrewmeadows,1,1
galuszkak,ghosalya,1,1
galuszkak,intostern,1,1
galuszkak,jackyq2015,1,1
galuszkak,jtzl,1,1
galuszkak,manmeetkaur-kin,1,1
galuszkak,mistercrunch,1,1
galuszkak,parth-pb,1,1
galuszkak,paulvic,1,1
galuszkak,squalou,1,1
galuszkak,thunter009,1,1
galuszkak,tomklapka,1,1
galuszkak,victortony,1,1
galuszkak,vikramsinghchandel,1,1
galuszkak,villebro,1,1
galuszkak,vivekpradhan,1,1
oost,cmyip,1,5
oost,ktmud,1,5
oost,mistercrunch,1,5
oost,oscarostlundgs,1,5
oost,villebro,1,5
forestlzj,Mause,1,0
forestlzj,zhaoyongjie,1,0
caoquyvu,eladkal,1,4
caoquyvu,turbaszek,1,4
jyotidhiman0610,junlincc,1,0
jyotidhiman0610,zufolo441,1,0
samudurand,a-chernykh,1,1
samudurand,bmfisher,1,1
samudurand,dimberman,1,1
samudurand,grillorafael,1,1
samudurand,kaxil,1,1
samudurand,mfjackson,1,1
samudurand,mik-laj,1,1
samudurand,phlope,1,1
samudurand,potiuk,1,1
samudurand,shihabcsedu09,1,1
samudurand,vikramkoka,1,1
tienhung2812,dosu,1,2
tienhung2812,rusackas,1,2
anushkrishnav,austinpray,1,0
anushkrishnav,junlincc,2,0
anushkrishnav,kamalkeshavani-aiinside,1,0
anushkrishnav,maloun96,1,0
anushkrishnav,mayurnewase,1,0
anushkrishnav,mistercrunch,1,0
anushkrishnav,srinify,1,0
anushkrishnav,villebro,1,0
anushkrishnav,geido,1,0
calfzhou,Domineer-Long,1,3
calfzhou,MPalix86,1,3
calfzhou,TheRum,1,3
calfzhou,alejandroparra,1,3
calfzhou,apratsunrthd,1,3
calfzhou,chh3-chan,1,3
calfzhou,danielewood,1,3
calfzhou,ignasv,1,3
calfzhou,junlincc,1,3
calfzhou,kapustor,1,3
calfzhou,michael-s-molina,1,3
calfzhou,mrtanatorn44,1,3
calfzhou,nxmbiar,1,3
calfzhou,passren,1,3
calfzhou,pingusix,1,3
calfzhou,pmarini,1,3
calfzhou,radykal-com,1,3
calfzhou,rrittsteiger,1,3
calfzhou,rumbin,1,3
calfzhou,rusackas,2,3
calfzhou,shawnzhu,1,3
calfzhou,weitang2022,1,3
calfzhou,jileeon,1,0
calfzhou,serenajiang,1,0
calfzhou,zuzana-vej,1,0
kodeine,connorwang,1,0
kodeine,metalshanked,1,0
kodeine,nytai,1,0
MuslimBeibytuly,EMCP,1,0
MuslimBeibytuly,rusackas,1,0
MuslimBeibytuly,sfirke,1,0
sann05,betodealmeida,1,0
sann05,junlincc,1,0
sann05,ktecho,1,0
sann05,rusackas,1,0
sann05,zuzana-vej,1,0
bonamim,Taragolis,1,1
bonamim,eladkal,1,1
bonamim,pankajastro,1,1
bryzgaloff,dpgaspar,1,5
bryzgaloff,larshelge,1,5
bryzgaloff,willbarrett,1,5
bryzgaloff,kristw,1,3
bryzgaloff,sj-plenty,1,3
Usiel,tharunkc-93,1,0
Usiel,villebro,3,2
Usiel,rusackas,4,0
Usiel,Delfins,1,0
Usiel,amarchilukuri,1,0
Usiel,cwegener,1,0
Usiel,johntwyman,1,0
Usiel,mahesh-kockpit,1,0
Usiel,progettoautomazione,1,0
Usiel,userkdg,1,0
Usiel,lilykuang,1,0
Usiel,zhaoyongjie,2,2
Usiel,betodealmeida,1,0
Usiel,bkyryliuk,1,0
Usiel,davidkhala,1,0
Usiel,doglex,1,0
Usiel,kashifjavedaddo,1,0
Usiel,ljyf5593,1,0
Usiel,terrancesnyder,1,0
Usiel,tuoluzhe8521,1,0
Usiel,welljs,1,0
Usiel,wesleygoi-liftoff,1,0
Usiel,geido,1,2
Usiel,junlincc,1,2
Usiel,ktmud,1,2
Usiel,AkashKit,1,0
Usiel,Yaswanth-Perumalla,1,0
Usiel,afifdevtest,1,0
Usiel,arbor03,1,0
Usiel,hsoekiswo,1,0
Usiel,judithbachmann-ah,1,0
Usiel,scruffs,1,0
Usiel,srinify,1,0
Usiel,srinisubramanian,1,0
Usiel,technicaltitch,1,0
vipulneo,Shazad-khan,1,0
hainenber,bbovenzi,2,0
hainenber,potiuk,1,0
hainenber,uranusjr,1,0
hainenber,NilsJPWerner,1,0
hainenber,Taragolis,1,0
hainenber,hussein-awala,1,0
okayhooni,dosu,1,3
okayhooni,kainchow,1,0
okayhooni,sfirke,1,0
okayhooni,AlexMSm,1,0
okayhooni,bruno-santos-6,1,0
okayhooni,jmollowitz-EP,1,0
okayhooni,joev-indx,1,0
okayhooni,rathishkumar,1,0
okayhooni,rusackas,2,0
okayhooni,D3nn3,1,0
okayhooni,RobLucchi,1,0
okayhooni,anhtuanluu36,1,0
okayhooni,ensky,1,0
okayhooni,etadelta222,1,0
okayhooni,fmusayev,1,0
okayhooni,mkramer5454,1,0
okayhooni,phongvt322,1,0
okayhooni,rohitpawar2811,1,0
okayhooni,smisch,1,0
okayhooni,wulfuric,1,0
slavanorm,JersonFerrer,1,1
slavanorm,VikramKumarArammeem,1,1
slavanorm,artzyres,1,1
slavanorm,betodealmeida,1,1
slavanorm,junlincc,1,1
slavanorm,ktmud,1,1
slavanorm,michael-s-molina,1,1
slavanorm,mistercrunch,1,1
slavanorm,rahmedrbx,1,1
slavanorm,rusackas,1,1
slavanorm,serenajiang,1,1
slavanorm,sfirke,1,1
slavanorm,slice-viditp,1,1
slavanorm,zhaoyongjie,1,1
slavanorm,zuzana-vej,1,1
kzosabe,AHZenan,1,3
kzosabe,rusackas,1,3
kzosabe,srinify,1,3
brokenjacobs,amitmiran137,1,4
brokenjacobs,junlincc,1,4
aspedrosa,Taragolis,1,1
etr2460,Taragolis,1,1
sivankumar86,john-bodley,1,0
sivankumar86,mrn3,1,0
sivankumar86,rusackas,1,0
sivankumar86,sadpandajoe,1,0
asaf400,MeD1100,1,1
asaf400,PeterGrace,1,1
asaf400,dosu,1,1
asaf400,eschutho,1,1
asaf400,isharamet,1,1
asaf400,michael-s-molina,1,1
asaf400,mistercrunch,1,1
asaf400,rusackas,1,1
asaf400,sadpandajoe,1,1
MM-Lehmann,mik-laj,2,0
MM-Lehmann,RenGeng,1,1
MM-Lehmann,aprettyloner,1,1
MM-Lehmann,ephraimbuddy,1,1
MM-Lehmann,jasonoberme,1,1
MM-Lehmann,jedcunningham,1,1
MM-Lehmann,kaxil,1,1
MM-Lehmann,konfusator,1,1
MM-Lehmann,ldacey,1,1
MM-Lehmann,leonsmith,1,1
MM-Lehmann,mhaalme,1,1
MM-Lehmann,potiuk,2,5
MM-Lehmann,sbialkowski-pixel,1,1
MM-Lehmann,troyharvey,1,1
MM-Lehmann,uranusjr,1,1
MM-Lehmann,zachliu,1,1
MM-Lehmann,ashb,1,4
MM-Lehmann,eladkal,1,4
jasonoberme,Anudeep-Kolluri,1,0
jasonoberme,Maannniii,1,0
jasonoberme,Paulo456,1,0
jasonoberme,SyakeerRahman,1,0
jasonoberme,XxMrNobodyxX,1,0
jasonoberme,aseem-poloniex,1,0
jasonoberme,avnav0,1,0
jasonoberme,bhowmik23,1,0
jasonoberme,cdutr,1,0
jasonoberme,dvlieghe,1,0
jasonoberme,elburro1887,1,0
jasonoberme,ereztaiar,1,0
jasonoberme,jomach,1,0
jasonoberme,junlincc,1,0
jasonoberme,krakzk,1,0
jasonoberme,lclerigues,1,0
jasonoberme,liisaxin,1,0
jasonoberme,maartenbreddels,1,0
jasonoberme,manodupont,1,0
jasonoberme,muhsinfazal,1,0
jasonoberme,nikhil-kuyya-talentas,1,0
jasonoberme,pa-mike,1,0
jasonoberme,rusackas,1,0
jasonoberme,sfirke,1,0
jasonoberme,sukupandachu,1,0
jasonoberme,vaguptaqw,1,0
MartinKChen,1yuv,1,0
MartinKChen,LawrenceWarren,1,0
MartinKChen,alephpt,1,0
MartinKChen,belaw,1,0
MartinKChen,berlincount,1,0
MartinKChen,inspirerit,1,0
MartinKChen,rusackas,1,0
MartinKChen,stevehenderson,1,0
hozn,Meizuamy,1,0
hozn,amravazzi,1,0
hozn,clear-m,1,0
hozn,damnko,1,0
hozn,inetfuture,1,0
hozn,matustema,1,0
hozn,mona-mk,1,0
hozn,nytai,1,0
hozn,spcvalente,1,0
hozn,techian-sp,1,0
hozn,vikt0rs,1,0
hozn,willbarrett,1,0
lrbsantos,Bowrna,1,0
lrbsantos,potiuk,1,0
Brooke-white,betodealmeida,1,0
Brooke-white,eschutho,1,0
Brooke-white,niravpeak,1,0
Brooke-white,rusackas,1,0
vparmeland,CarpathianUA,1,3
vparmeland,Noamstrauss,1,3
vparmeland,alexander-onesoil,1,3
vparmeland,cberge908,1,3
vparmeland,quenchua,1,3
vparmeland,sfirke,1,3
surapuramakhil,Devnil434,1,0
surapuramakhil,Payoshnik123,1,0
surapuramakhil,hlvhe,1,0
surapuramakhil,hrnori,1,0
surapuramakhil,rusackas,3,0
surapuramakhil,sambhav2612,1,0
surapuramakhil,HESyang,1,0
surapuramakhil,geido,1,0
surapuramakhil,jiaoyang3,1,0
surapuramakhil,mkrishna23,1,0
surapuramakhil,pellepelle3,1,0
surapuramakhil,rpwils98,1,0
surapuramakhil,shingote15,1,0
surapuramakhil,ved-kashyap-samsung,1,0
surapuramakhil,villebro,1,0
abhii-singh,CSammy,1,4
abhii-singh,ashb,1,4
abhii-singh,cstenkamp,1,4
abhii-singh,ephraimbuddy,1,4
abhii-singh,potiuk,1,4
WingCode,rusackas,1,3
WingCode,anilvpatel21,1,0
WingCode,dpgaspar,1,0
WingCode,inteon,1,0
WingCode,junlincc,1,0
WingCode,nytai,1,0
WingCode,timwil,1,0
akotuc,MM-Lehmann,1,0
akotuc,amitmiran137,1,0
akotuc,geido,1,0
akotuc,giovannipapini-agilelab,1,0
akotuc,kamalkeshavani-aiinside,1,0
akotuc,mattitoo,1,0
akotuc,nikhil-kuyya-talentas,1,0
akotuc,rusackas,2,3
akotuc,sadovinma,1,0
akotuc,villebro,1,0
akotuc,eschutho,1,3
akotuc,jinghua-qa,1,3
akotuc,junlincc,1,3
akotuc,yousoph,1,3
faycal-merouane,Gokuyamatos12,1,2
faycal-merouane,ameen7626,1,2
faycal-merouane,andrecamara,1,2
faycal-merouane,benjaminlhai,1,2
faycal-merouane,chandrasekharjandhyam,1,2
faycal-merouane,chrisjung-dev,1,2
faycal-merouane,cwegener,1,2
faycal-merouane,fstn,1,2
faycal-merouane,geido,1,2
faycal-merouane,gokhansari,1,2
faycal-merouane,michael-s-molina,1,2
faycal-merouane,nytai,1,2
faycal-merouane,okayakdeniz,1,2
faycal-merouane,phamhuong7420,1,2
faycal-merouane,rusackas,1,2
faycal-merouane,san-chang,1,2
faycal-merouane,shenrie,1,2
faycal-merouane,suddjian,1,2
faycal-merouane,temuujinmo4,1,2
faycal-merouane,weitang2022,1,2
faycal-merouane,wemod123,1,2
faycal-merouane,winterrobert,1,2
jaimefr,FurcyPin,1,1
jaimefr,MarvinSchenkel,1,1
jaimefr,MhmtErsy,1,1
jaimefr,PApostol,1,1
jaimefr,ScriptPup,1,1
jaimefr,aladinoss,1,1
jaimefr,ashb,1,1
jaimefr,brosenkrantz,1,1
jaimefr,crazyproger,1,1
jaimefr,dariusjonda,1,1
jaimefr,eladkal,1,1
jaimefr,ephraimbuddy,1,1
jaimefr,faycal-merouane,1,1
jaimefr,felipeangelimvieira,1,1
jaimefr,george-zubrienko,1,1
jaimefr,iasoon,1,1
jaimefr,imamdigmi,1,1
jaimefr,kcphila,1,1
jaimefr,kiwy42,1,1
jaimefr,kondla,1,1
jaimefr,laserpedro,1,1
jaimefr,nmehraein,1,1
jaimefr,noelmcloughlin,1,1
jaimefr,potiuk,1,1
jaimefr,ridwantahir,1,1
jaimefr,ryan-hartigan,1,1
jaimefr,shubhampatel94,1,1
jaimefr,stephenonethree,1,1
jaimefr,uranusjr,1,1
jaimefr,vdtdg,1,1
gempir,betodealmeida,1,2
gempir,harshit2283,1,2
gempir,michael-s-molina,1,2
gempir,nytai,1,2
gempir,rusackas,1,2
gempir,villebro,1,2
mymzheka,Meizuamy,1,0
mymzheka,amravazzi,1,0
mymzheka,clear-m,1,0
mymzheka,damnko,1,0
mymzheka,inetfuture,1,0
mymzheka,matustema,1,0
mymzheka,mona-mk,1,0
mymzheka,nytai,1,0
mymzheka,spcvalente,1,0
mymzheka,techian-sp,1,0
mymzheka,vikt0rs,1,0
mymzheka,willbarrett,1,0
Pooort,AbhishekOnedigital,1,0
Pooort,Badgerr,1,0
Pooort,cw1427,1,0
Pooort,mlkkkfriend,1,0
Pooort,ngurmen,1,0
Pooort,rusackas,1,0
Pooort,sfirke,2,0
Pooort,SaruWiz,1,0
Pooort,alanorth,1,0
Pooort,deds,1,0
Pooort,dpgaspar,1,0
Pooort,eschutho,1,0
Pooort,grifonas,1,0
Pooort,mdeshmu,1,0
Pooort,prb219,1,0
Pooort,rabindragogoi,1,0
Pooort,rodionxabibov,1,0
Pooort,tooptoop4,1,0
Pooort,tullis,1,0
kakoni,romsharon98,1,3
gagan-bhullar-tech,Dinesh2019,1,1
gagan-bhullar-tech,dosu,1,1
gagan-bhullar-tech,rusackas,1,1
fzhan,jscheffl,1,4
michalc,dpgaspar,1,0
michalc,tooptoop4,1,0
luis-fnogueira,DarwinDennis003,1,0
luis-fnogueira,IndexOutOfRange,1,0
luis-fnogueira,Mehdi-YC,1,0
luis-fnogueira,Taki-Eddine,1,0
luis-fnogueira,jmmadsen,1,0
luis-fnogueira,vikashrajgupta,1,0
luis-fnogueira,vikt0rs,1,0
luis-fnogueira,wangyequn,1,0
ThiefMaster,dpgaspar,1,0
ThiefMaster,tooptoop4,1,0
akki,craig-rueda,1,0
akki,dpgaspar,1,0
akki,mistercrunch,1,0
akki,willbarrett,1,0
jsanko9,eladkal,1,1
jsanko9,jedcunningham,1,1
jsanko9,kaxil,1,1
alexanderursu99,junlincc,1,0
alexanderursu99,rbalsick-saatva,1,0
alexanderursu99,rusackas,1,0
alexanderursu99,zhar97,1,0
jnturton,Z0ltrix,1,0
jnturton,rusackas,1,0
jnturton,villebro,1,0
mostafaghadimi,amitmiran137,1,0
mostafaghadimi,junlincc,1,0
EinavDanielDX,auvipy,1,7
EinavDanielDX,eladkal,1,7
EinavDanielDX,nathadfield,1,7
EinavDanielDX,potiuk,2,8
EinavDanielDX,raphaelauv,1,7
EinavDanielDX,MrGeorgeOwl,1,1
EinavDanielDX,PApostol,1,1
EinavDanielDX,Siddharthk,1,1
EinavDanielDX,Soonmok,1,1
EinavDanielDX,TRReeve,1,1
EinavDanielDX,YevhenKv,1,1
EinavDanielDX,aa3pankaj,1,1
EinavDanielDX,alanbrent,1,1
EinavDanielDX,alannesta,1,1
EinavDanielDX,ashb,1,1
EinavDanielDX,cmlad,1,1
EinavDanielDX,danielpoonwj,1,1
EinavDanielDX,dimon222,1,1
EinavDanielDX,ephraimbuddy,1,1
EinavDanielDX,iBalag,1,1
EinavDanielDX,marclamberti,1,1
EinavDanielDX,mik-laj,1,1
EinavDanielDX,na-wu,1,1
EinavDanielDX,nielstenboom,1,1
EinavDanielDX,peycho,1,1
EinavDanielDX,prithvisathiya,1,1
EinavDanielDX,scaoupgrade,1,1
EinavDanielDX,toderesa97,1,1
EinavDanielDX,uranusjr,1,1
EinavDanielDX,webster-chainalysis,1,1
ranugoldan,villebro,1,0
l1x,Meizuamy,1,0
l1x,amravazzi,1,0
l1x,clear-m,1,0
l1x,damnko,1,0
l1x,inetfuture,1,0
l1x,matustema,1,0
l1x,mona-mk,1,0
l1x,nytai,1,0
l1x,spcvalente,1,0
l1x,techian-sp,1,0
l1x,vikt0rs,1,0
l1x,willbarrett,1,0
gmarendaz,joshuaclausen,1,0
gmarendaz,michael-s-molina,1,0
thanushcst,jscheffl,1,4
thanushcst,shahar1,1,4
Bl3f,mare011rs,1,0
Bl3f,moathOSA,1,0
Bl3f,rbriski,1,0
Bl3f,rusackas,1,0
Bl3f,zhugw,1,0
ad-m,houqp,1,0
ad-m,jhtimmins,1,0
ad-m,mik-laj,7,2
ad-m,aijamalnk,1,1
ad-m,ashb,1,1
ad-m,feluelle,1,1
ad-m,kaxil,2,1
ad-m,leahecole,1,1
ad-m,potiuk,4,2
ad-m,turbaszek,1,1
ad-m,amithmathew,2,1
ad-m,olchas,2,1
ad-m,coopergillan,1,0
guidopetri,henry145145,1,1
guidopetri,jjgong7,1,1
shreyaUp,potiuk,1,1
gamebusterz,bharath0208,1,2
gamebusterz,dpgaspar,1,2
gamebusterz,maxmelnick,1,2
gamebusterz,mistercrunch,1,2
gamebusterz,Bloomberg-zhong,1,1
gamebusterz,HappyMiner,1,1
gamebusterz,JoseCF,1,1
gamebusterz,amitmiran137,1,1
gamebusterz,bharathi26,1,1
gamebusterz,bobeal,1,1
gamebusterz,fulviomascara,1,1
gamebusterz,huguiqi,1,1
gamebusterz,mattarderne,1,1
gamebusterz,nytai,1,1
gamebusterz,srinify,1,1
gamebusterz,tomer-ben-david,1,1
FredericoCoelhoNunes,Weekly,1,1
FredericoCoelhoNunes,hinduja1234toko,1,4
FredericoCoelhoNunes,vikramkoka,1,4
FredericoCoelhoNunes,Adam-Leyshon,1,1
FredericoCoelhoNunes,DanielMorales9,1,1
FredericoCoelhoNunes,GabeChurch,1,1
FredericoCoelhoNunes,abhishekbafna,1,1
FredericoCoelhoNunes,alechheb,1,1
FredericoCoelhoNunes,alexstrimbeanu,1,1
FredericoCoelhoNunes,aran3,1,1
FredericoCoelhoNunes,argemiront,1,1
FredericoCoelhoNunes,ashb,1,1
FredericoCoelhoNunes,dave-martinez,1,1
FredericoCoelhoNunes,dimon222,1,1
FredericoCoelhoNunes,dinesh-procore,1,1
FredericoCoelhoNunes,ephraimbuddy,1,1
FredericoCoelhoNunes,ericbellet,1,1
FredericoCoelhoNunes,ferruzzi,1,1
FredericoCoelhoNunes,fj-sanchez,1,1
FredericoCoelhoNunes,himabindu07,1,1
FredericoCoelhoNunes,imsharadmishra,1,1
FredericoCoelhoNunes,iwanbolzern,1,1
FredericoCoelhoNunes,jhtimmins,1,1
FredericoCoelhoNunes,jpmsilva,1,1
FredericoCoelhoNunes,jsmodic,1,1
FredericoCoelhoNunes,kamac,1,1
FredericoCoelhoNunes,kamushadenes,1,1
FredericoCoelhoNunes,kaxil,1,1
FredericoCoelhoNunes,ldacey,1,1
FredericoCoelhoNunes,mariana-s-fernandes,1,1
FredericoCoelhoNunes,match-gabeflores,1,1
FredericoCoelhoNunes,mik-laj,1,1
FredericoCoelhoNunes,natejenkins21,1,1
FredericoCoelhoNunes,nathadfield,1,1
FredericoCoelhoNunes,sergeple,1,1
FredericoCoelhoNunes,stas-snow,1,1
FredericoCoelhoNunes,stroykova,1,1
FredericoCoelhoNunes,vumdao,1,1
FredericoCoelhoNunes,wolfier,1,1
FredericoCoelhoNunes,zachliu,1,1
chriscardillo,amitmiran137,1,0
chriscardillo,junlincc,1,0
ckdarby,amitmiran137,1,2
ckdarby,fouadaabid,1,2
ckdarby,graceguo-supercat,1,2
ckdarby,junlincc,1,2
ckdarby,rusackas,1,2
ckdarby,scriminaci,1,2
ckdarby,villebro,1,2
bsnithin44,amravazzi,1,6
bsnithin44,andrewzah,1,6
bsnithin44,atpage-vpg,1,6
bsnithin44,deity-bram,1,6
bsnithin44,hamza-iqbal-hi,1,6
bsnithin44,jdk514,1,6
bsnithin44,mistercrunch,1,6
bsnithin44,rusackas,1,6
bsnithin44,schoel-bis,1,6
bsnithin44,squalou,1,6
bsnithin44,willbarrett,1,6
koushik-rout-samsung,rusackas,1,0
koushik-rout-samsung,sfirke,1,0
HansBambel,1c7,1,6
HansBambel,Yattabyte,1,6
HansBambel,benmaier,1,6
HansBambel,brian-robillard1,1,6
HansBambel,brian-visikon,1,6
HansBambel,brylie,1,6
HansBambel,drewgonzales360,1,6
HansBambel,jpedrick,1,6
HansBambel,junlincc,1,6
HansBambel,khuranabalvinder,1,6
HansBambel,ktmud,1,6
HansBambel,mistercrunch,1,6
HansBambel,rumbin,1,6
HansBambel,villebro,1,6
HansBambel,willbarrett,1,6
martimors,Jithsaavvy,1,5
martimors,JyotiSnK,1,5
martimors,LiboShen,1,5
martimors,WongyuChoi,1,5
martimors,autarchprinceps,1,5
martimors,bartcode,1,5
martimors,bitsofinfo,1,5
martimors,dsykes16,1,5
martimors,gen16k,1,5
martimors,kaxil,1,5
martimors,kreuzert,1,5
martimors,mik-laj,1,5
martimors,patsevanton,1,5
martimors,paul-bormans,1,5
martimors,roestzwiee,1,5
martimors,villasv,1,5
martimors,yehoshuadimarsky,1,5
metropolis-ameer,ZeidLennart,1,0
metropolis-ameer,rusackas,1,0
filippociceri,villebro,1,0
duynguyenhoang,JavierLopezT,1,0
duynguyenhoang,kbumsik-angelswing,1,0
duynguyenhoang,mik-laj,1,0
duynguyenhoang,potiuk,1,0
duynguyenhoang,sawaca96,1,0
duynguyenhoang,sglickman,1,0
duynguyenhoang,vikramkoka,1,0
duynguyenhoang,zorzigio,1,0
cadet354,srinify,1,0
tikikun,WonderBeat,1,4
tikikun,bkyryliuk,1,4
tikikun,codenamelxl,1,4
tikikun,fan-code,1,4
tikikun,gerickt,1,4
tikikun,junlincc,1,4
tikikun,mistercrunch,1,4
tikikun,rimolive,1,4
tikikun,savermyas,1,4
tikikun,sleshJdev,1,4
tikikun,srinify,1,4
Rcharriol,CyrilLeMat,1,5
Rcharriol,dpgaspar,1,5
Rcharriol,labelhero,1,5
Rcharriol,lepe92,1,5
Rcharriol,shamsherrana,1,5
Rcharriol,villebro,1,5
Rcharriol,yravindra,1,5
gdevanla,mdeshmu,1,0
gdevanla,rusackas,1,0
mporracindie,eladkal,1,1
mporracindie,nathadfield,1,1
mporracindie,potiuk,1,1
ktmud,DeOldSax,1,0
ktmud,Patil2099,1,0
ktmud,andriisoldatenko,1,0
ktmud,ashb,1,0
ktmud,edithturn,1,0
ktmud,eladkal,1,0
ktmud,josh-fell,1,0
ktmud,kaxil,1,0
ktmud,leahecole,1,0
ktmud,lyso,1,0
ktmud,patchandpray,1,0
ktmud,pateash,1,0
ktmud,potiuk,1,0
ktmud,sirVir,1,0
ktmud,turbaszek,1,0
ktmud,uranusjr,1,0
JPonte,betodealmeida,1,0
oscarostlundgs,abhishektrivedi-hs,1,1
oscarostlundgs,damon09273,1,1
oscarostlundgs,eladkal,1,1
oscarostlundgs,kaxil,1,1
bgsthiago,betodealmeida,1,0
bgsthiago,clarkperkins,1,0
bgsthiago,rusackas,1,0
anilkulkarni87,BenCh94,1,3
anilkulkarni87,PullGituser,1,3
anilkulkarni87,dheeraj-chaudhari,1,3
anilkulkarni87,dpgaspar,1,3
anilkulkarni87,junlincc,1,3
anilkulkarni87,rusackas,1,3
anilkulkarni87,srinify,1,3
cheunhong,0xpetersatoshi,1,5
cheunhong,AramisN,1,5
cheunhong,EnixCoda,1,5
cheunhong,MohamedKhattat,1,5
cheunhong,TheMelter,1,5
cheunhong,anivon,1,5
cheunhong,aseem-poloniex,1,5
cheunhong,chongzixin,1,5
cheunhong,craig-rueda,1,5
cheunhong,dpgaspar,1,5
cheunhong,feroult,1,5
cheunhong,flutterWang,1,5
cheunhong,gk1089,1,5
cheunhong,jpatdalton,1,5
cheunhong,keehl1213,1,5
cheunhong,nabinkhadka,1,5
cheunhong,righttracknana,1,5
cheunhong,superrrrrrrrL,1,5
cheunhong,swapnil-chenoa,1,5
cheunhong,willbarrett,1,5
pkesso,RNHTTR,1,1
pkesso,eladkal,1,1
prakharcode,AAfghahi,1,0
prakharcode,CharlesYe8848,1,0
prakharcode,EMCP,1,0
prakharcode,Jika97,1,0
prakharcode,TrabajadorPraOleo,1,0
prakharcode,alanorth,1,0
prakharcode,alonsogtouch,1,0
prakharcode,cwegener,1,0
prakharcode,eric-briscoe,1,0
prakharcode,eschutho,1,0
prakharcode,io-ma,1,0
prakharcode,jsanko9,1,0
prakharcode,michael-s-molina,1,0
prakharcode,noahyetter-nb,1,0
prakharcode,rusackas,1,0
prakharcode,xinbeiG,1,0
prakharcode,zeynepkoyun,1,0
prakharcode,zhaoyongjie,1,0
MialLewis,mistercrunch,2,5
MialLewis,rusackas,1,2
MialLewis,sfirke,1,2
MialLewis,birkskyum,1,3
MialLewis,dosu,1,3
MialLewis,riekusr,1,3
MialLewis,victorfonseca,1,3
michaelritsema,shahar1,1,1
datta90,joaocosta123,1,0
datta90,sfirke,1,0
CarlKarlssonSchmidt,Riskatrih,1,0
CarlKarlssonSchmidt,junlincc,1,0
Sangarshanan,john-bodley,1,0
Sangarshanan,nytai,1,0
Sangarshanan,rusackas,1,0
ArgentFalcon,MateusCastello,1,2
ArgentFalcon,betodealmeida,1,2
ArgentFalcon,edvinas-maciulis,1,2
ArgentFalcon,kongsyuen,1,2
ArgentFalcon,ktmud,1,2
ArgentFalcon,mistercrunch,1,2
ArgentFalcon,mmuru,1,2
wgonzalez25,cyang52,1,3
wgonzalez25,lilila,1,3
wgonzalez25,mistercrunch,1,3
wgonzalez25,ruanoct,1,3
wgonzalez25,sedhha,1,3
wgonzalez25,villebro,1,3
wgonzalez25,wushu0725,1,3
mdianjun,Sam--Shan,1,3
mdianjun,chuang39,1,3
mdianjun,dubin555,1,3
mdianjun,junlincc,1,3
mdianjun,rogerlzp,1,3
mdianjun,rubenSastre,1,3
mdianjun,victorcheng2333,1,3
mdianjun,villebro,1,3
mdianjun,windylcx,1,3
vietvudanh,eladkal,1,1
vietvudanh,miha-jenko,1,1
vietvudanh,potiuk,1,1
vietvudanh,seunggabi,1,1
vietvudanh,superina5,1,1
vietvudanh,vikramkoka,1,1
vietvudanh,yene,1,1
geosmart,BigDataMind,1,0
geosmart,binbinyounimen,1,0
geosmart,fzh075,1,0
geosmart,hengaini2055,1,0
geosmart,malone6,1,0
geosmart,mistercrunch,1,0
geosmart,reesezxf,1,0
geosmart,sundroid2020,1,0
geosmart,tianyang-abc,1,0
kojiromike,srinify,1,0
alee68,eladkal,1,1
alee68,pankajkoti,1,1
shakeelansari63,kachely,1,0
shakeelansari63,pamelascr,1,0
shakeelansari63,rusackas,1,0
shakeelansari63,ctrongminh,1,0
shakeelansari63,manneym,1,0
shakeelansari63,pgagarinov,1,0
shakeelansari63,sfirke,1,0
shakeelansari63,simaolucio,1,0
vioao,Joffreybvn,1,5
vioao,Lee-W,1,5
vioao,eladkal,1,5
vioao,eumiro,1,5
vioao,hussein-awala,1,5
vioao,kosteev,1,5
vioao,mahammi,1,5
vioao,o-nikolas,1,5
vioao,pankajkoti,1,5
vioao,potiuk,1,5
vioao,raphaelauv,1,5
vioao,syedahsn,1,5
vioao,vatsrahul1001,1,5
vioao,vincbeck,1,5
vioao,yupbank,1,5
qleroy,phanikumv,1,1
rtjarvis,AsjadMahmood,1,0
rtjarvis,Dataabk,1,0
rtjarvis,dpgaspar,1,0
rtjarvis,lsh-0,1,0
rtjarvis,qiaofeng1227,1,0
rtjarvis,willbarrett,1,0
rtjarvis,yshrotciv,1,0
rtjarvis,zhaoyongjie,1,0
qianyongyu,DevNoctis1001,1,1
qianyongyu,KKcorps,1,1
qianyongyu,ali-bahjati,1,1
qianyongyu,cccs-rc,1,1
qianyongyu,colax94,1,1
qianyongyu,dpgaspar,1,1
qianyongyu,ericandrewmeadows,1,1
qianyongyu,ghosalya,1,1
qianyongyu,intostern,1,1
qianyongyu,jackyq2015,1,1
qianyongyu,jtzl,1,1
qianyongyu,manmeetkaur-kin,1,1
qianyongyu,mistercrunch,1,1
qianyongyu,parth-pb,1,1
qianyongyu,paulvic,1,1
qianyongyu,squalou,1,1
qianyongyu,thunter009,1,1
qianyongyu,tomklapka,1,1
qianyongyu,victortony,1,1
qianyongyu,vikramsinghchandel,1,1
qianyongyu,villebro,1,1
qianyongyu,vivekpradhan,1,1
ctivanovich,craig-rueda,1,3
ctivanovich,klazaj,1,3
LucaSoato,JasperSui,1,1
LucaSoato,SaithZhang,1,1
LucaSoato,Sangameshmsopen,1,1
LucaSoato,ashb,1,1
LucaSoato,edi33416,1,1
LucaSoato,eladkal,1,1
LucaSoato,ghostbody,1,1
LucaSoato,kaxil,1,1
LucaSoato,linax101,1,1
LucaSoato,mik-laj,1,1
LucaSoato,potiuk,1,1
LucaSoato,tnyz,1,1
LucaSoato,turbaszek,1,1
matheusbsilva,eladkal,1,0
matheusbsilva,kaxil,1,0
matheusbsilva,mik-laj,1,0
matheusbsilva,potiuk,1,0
soumilshah1995,MrGeorgeOwl,1,1
soumilshah1995,PApostol,1,1
soumilshah1995,Siddharthk,1,1
soumilshah1995,Soonmok,1,1
soumilshah1995,TRReeve,1,1
soumilshah1995,YevhenKv,1,1
soumilshah1995,aa3pankaj,1,1
soumilshah1995,alanbrent,1,1
soumilshah1995,alannesta,1,1
soumilshah1995,ashb,1,1
soumilshah1995,cmlad,1,1
soumilshah1995,danielpoonwj,1,1
soumilshah1995,dimon222,1,1
soumilshah1995,ephraimbuddy,1,1
soumilshah1995,iBalag,1,1
soumilshah1995,marclamberti,1,1
soumilshah1995,mik-laj,1,1
soumilshah1995,na-wu,1,1
soumilshah1995,nielstenboom,1,1
soumilshah1995,peycho,1,1
soumilshah1995,potiuk,2,2
soumilshah1995,prithvisathiya,1,1
soumilshah1995,scaoupgrade,1,1
soumilshah1995,toderesa97,1,1
soumilshah1995,uranusjr,1,1
soumilshah1995,webster-chainalysis,1,1
thoralf-gutierrez,mistercrunch,1,2
feng-tao,mistercrunch,1,2
mmuru,kaxil,1,1
mmuru,mik-laj,1,1
mmuru,shawnngtq,1,1
mmuru,zhongjiajie,1,1
mmuru,TsubasaBE,1,6
mmuru,ashb,1,6
mmuru,eladkal,1,6
mmuru,ephraimbuddy,1,6
mmuru,jccalvojackson,1,6
mmuru,potiuk,1,6
mmuru,uranusjr,1,6
avats-dev,Ashish7129,1,0
avats-dev,betodealmeida,1,0
avats-dev,chase-lewis-akasa,1,0
avats-dev,junlincc,1,0
avats-dev,mohansaimandalapu,1,0
avats-dev,nijcapur,1,0
avats-dev,rusackas,1,0
avats-dev,rvabhijith,1,0
avats-dev,youngsol,1,0
MahsaSeifikar,SaiManojG,1,4
MahsaSeifikar,keehl1213,1,4
MahsaSeifikar,mistercrunch,1,4
MahsaSeifikar,swanitzek,1,4
elukey,debek,1,1
elukey,j3pic,1,1
elukey,jaketf,1,1
elukey,mik-laj,1,1
elukey,potiuk,1,1
elukey,vijaykiran,1,1
vanducng,ahmedkunwar,1,0
yougyoung94,geido,2,0
yougyoung94,junlincc,1,0
yougyoung94,rwspielman,1,0
yougyoung94,stephenLYZ,1,0
yougyoung94,suddjian,1,0
yougyoung94,villebro,1,0
yougyoung94,yongchand,1,0
Kobe-Wang,AmarkhiS,1,1
Kobe-Wang,Asturias-sam,1,1
Kobe-Wang,DRavikanth,1,1
Kobe-Wang,abhii-singh,1,1
Kobe-Wang,alafanechere,1,1
Kobe-Wang,farhat-nawaz,1,1
Kobe-Wang,francis-dupuis,1,1
Kobe-Wang,ghost,1,1
Kobe-Wang,junlincc,1,1
Kobe-Wang,mahendra,1,1
Kobe-Wang,oBoMBaYo,1,1
Kobe-Wang,vinitpradhn18,1,1
Red-0111,eric-briscoe,1,0
Red-0111,geido,1,0
Red-0111,junlincc,1,0
Red-0111,kgabryje,1,0
Red-0111,ktmud,1,0
Red-0111,michael-s-molina,1,0
Red-0111,nvmnghia,1,0
Red-0111,rusackas,1,0
Red-0111,yousoph,1,0
Red-0111,zuzana-vej,1,0
bradleydamato,Acehaidrey,1,0
bradleydamato,nathadfield,1,0
bradleydamato,pcandoalmeida,1,0
bradleydamato,potiuk,1,0
bradleydamato,rounakdatta,1,0
bradleydamato,saisiddhant12,1,0
bradleydamato,turbaszek,1,0
CraigChaffee,Soonmok,1,1
CraigChaffee,potiuk,1,1
vgvoleg,dosu,1,2
vgvoleg,mistercrunch,1,2
kaiwalyakoparkar,john-bodley,1,0
mtsadler-branch,EnxDev,1,2
mtsadler-branch,S-YOU,1,2
mtsadler-branch,Steejay,1,2
mtsadler-branch,eschutho,1,2
mtsadler-branch,imancrsrk,1,2
mtsadler-branch,junlincc,1,2
mtsadler-branch,khallon,1,2
mtsadler-branch,michael-s-molina,1,2
mtsadler-branch,nytai,1,2
mtsadler-branch,rusackas,1,2
mtsadler-branch,vinothkumar66,1,2
mtsadler-branch,yousoph,1,2
brucearctor,didva,1,0
brucearctor,junlincc,1,0
brucearctor,mrshu,1,0
brucearctor,rusackas,1,0
jkryanchou,eladkal,1,4
jkryanchou,phanikumv,1,4
jkryanchou,utkarsharma2,1,4
jkryanchou,wes-devore-mpulse,1,4
svdimchenko,Adaverse,1,4
svdimchenko,Joffreybvn,1,4
svdimchenko,Lee-W,1,4
svdimchenko,VladaZakharova,1,4
svdimchenko,bkossakowska,1,4
svdimchenko,dimonchik-suvorov,1,4
svdimchenko,dstandish,1,4
svdimchenko,eladkal,1,4
svdimchenko,enchant3dmango,1,4
svdimchenko,hussein-awala,1,4
svdimchenko,killua1zoldyck,1,4
svdimchenko,longslvr,1,4
svdimchenko,mahammi,1,4
svdimchenko,melugoyal,1,4
svdimchenko,moiseenkov,1,4
svdimchenko,nathadfield,1,4
svdimchenko,o-nikolas,1,4
svdimchenko,pankajastro,1,4
svdimchenko,pankajkoti,1,4
svdimchenko,pgagnon,1,4
svdimchenko,phanikumv,1,4
svdimchenko,potiuk,1,4
svdimchenko,raphaelauv,1,4
svdimchenko,simonprydden,1,4
svdimchenko,sunank200,1,4
svdimchenko,syedahsn,1,4
svdimchenko,uranusjr,1,4
svdimchenko,utkarsharma2,1,4
svdimchenko,vandonr-amz,1,4
svdimchenko,vargacypher,1,4
svdimchenko,vincbeck,1,4
svdimchenko,ying-w,1,4
jakubgs,amitmiran137,1,0
jakubgs,crsantini,1,0
jakubgs,junlincc,1,0
jakubgs,nytai,1,0
jakubgs,villebro,1,0
chonyy,betodealmeida,1,0
chonyy,hughhhh,1,0
chonyy,rusackas,1,0
TColl,junlincc,1,0
dangal95,drdenzy,1,4
dangal95,eladkal,1,4
lakeron,rusackas,1,0
mrshu,eladkal,1,4
mrshu,gedOHub,1,4
mrshu,kaxil,1,4
mrshu,lakeron,1,4
mrshu,vikramkoka,1,4
brylie,mik-laj,1,1
Rishabhraghwendra18,junlincc,1,0
Rishabhraghwendra18,rwspielman,1,0
Rishabhraghwendra18,villebro,1,0
bkyryliuk,ephraimbuddy,1,0
bkyryliuk,kaxil,1,0
fancyfreeman,Qiuzhuang,1,1
fancyfreeman,jhtimmins,1,1
fancyfreeman,kaxil,1,1
fancyfreeman,kevsjh,1,1
fancyfreeman,uplsh580,1,1
fancyfreeman,vikramkoka,1,1
alittlesliceoftom,eladkal,1,0
alittlesliceoftom,vikramkoka,1,0
pl77,JasonPierce,1,0
pl77,Swalloow,1,0
pl77,don4of4,1,0
pl77,karakanb,1,0
pl77,kaxil,1,0
pl77,omarish,1,0
pl77,potiuk,1,0
pl77,vikramkoka,1,0
DRavikanth,potiuk,2,1
DRavikanth,ashb,1,1
DRavikanth,eladkal,1,1
DRavikanth,mik-laj,1,1
etadelta222,DougForrest,1,1
etadelta222,kaxil,1,1
etadelta222,potiuk,1,1
etadelta222,yibinlin,1,1
TheRum,ferruzzi,1,1
TheRum,glingle05,1,1
TheRum,kaxil,1,1
TheRum,ldaugusto,1,1
TheRum,vikramkoka,1,1
piffall,PayneZx,1,3
piffall,bkyryliuk,1,3
piffall,danielewood,1,3
piffall,jbguerraz,1,3
piffall,pedrosalgadowork,1,3
piffall,penghuo,1,3
piffall,rusackas,1,3
oleg-savko,ConstantinoSchillebeeckx,1,0
oleg-savko,Gunnnn,1,0
oleg-savko,ManiBharataraju,1,0
oleg-savko,YoavGaudin,1,0
oleg-savko,asitstands,1,0
oleg-savko,edjeffery,1,0
oleg-savko,eladkal,1,0
oleg-savko,pierrejeambrun,1,0
oleg-savko,potiuk,1,0
oleg-savko,romj4k3,1,0
oleg-savko,uranusjr,1,0
oleg-savko,vikramkoka,1,0
oleg-savko,zacharya19,1,0
snehlata08,vikramkoka,1,1
snehlata08,xinbinhuang,1,1
mvoitko,Bisk1,1,1
mvoitko,Joffreybvn,1,1
mvoitko,ThuanDoHung,1,1
mvoitko,calfzhou,1,1
mvoitko,ephraimbuddy,1,1
mvoitko,jscheffl,1,1
mvoitko,potiuk,1,1
mvoitko,soidamientrung,1,1
soidamientrung,AbhishekOnedigital,1,0
soidamientrung,Badgerr,1,0
soidamientrung,cw1427,1,0
soidamientrung,mlkkkfriend,1,0
soidamientrung,ngurmen,1,0
soidamientrung,rusackas,1,0
soidamientrung,sfirke,1,0
ruslan-murzag,Ananda2k22,1,1
ruslan-murzag,dosu,1,1
ruslan-murzag,mistercrunch,1,1
ruslan-murzag,rusackas,1,1
ruslan-murzag,varun-verma-code,1,1
ImmortalLotus,sfirke,1,0
jayarjo,eladkal,1,1
jayarjo,mik-laj,1,1
jayarjo,potiuk,1,1
jayarjo,sophiely,1,1
jayarjo,utkarsharma2,1,1
alekseyolg,abhishek-kgen,1,0
alekseyolg,rusackas,1,0
alekseyolg,sharavara,1,0
nicklip,DamiraReicherd,1,2
nicklip,Ibby-B,1,2
nicklip,junlincc,1,2
nicklip,kyledufrane,1,2
nicklip,machzqcq,1,2
nicklip,matteofazio,1,2
nicklip,micimize,1,2
nicklip,mona-mk,1,2
nicklip,nategivens,1,2
nicklip,rfdccarvalho,1,2
nicklip,rusackas,1,2
nicklip,vialcollet,1,2
snowsky,AidanHarveyNelson,1,0
snowsky,Mirieri,1,0
snowsky,dmuldoonadl,1,0
snowsky,havedill,1,0
snowsky,hrikken,1,0
snowsky,lf-floriandin,1,0
snowsky,michael-s-molina,1,0
snowsky,rusackas,1,0
snowsky,spars57,1,0
KanaSukita,betodealmeida,1,0
KanaSukita,rusackas,1,0
PasunuriSrinidhi,dpgaspar,1,0
PasunuriSrinidhi,rusackas,1,0
PasunuriSrinidhi,tooptoop4,1,0
dim-ops,Adminyoungmarsnet,1,0
dim-ops,atulkjaiswal,1,0
dim-ops,jgournet,1,0
dim-ops,mdeshmu,1,0
dim-ops,mistercrunch,1,0
dim-ops,ninjadig,1,0
dim-ops,nytai,1,0
dim-ops,piby180,1,0
dim-ops,rahuludaiwal599,1,0
dim-ops,rusackas,1,0
dim-ops,yash-sec,1,0
matheus-rossi,BowenXiao1999,1,2
matheus-rossi,LucaSoato,1,2
matheus-rossi,earlev4,1,2
matheus-rossi,francishemingway,1,2
matheus-rossi,metaperl,1,2
matheus-rossi,phifa,1,2
matheus-rossi,vietvudanh,1,2
matheus-rossi,villebro,1,2
zorro-gridi,DharmenderKaushik,1,0
zorro-gridi,EBoisseauSierra,1,0
zorro-gridi,SharonCastel,1,0
zorro-gridi,betodealmeida,1,0
zorro-gridi,rusackas,1,0
zorro-gridi,srinisubramanian,1,0
zorro-gridi,unnyns-307,1,0
zorro-gridi,villebro,1,0
yalattas,andrzejmartyna,1,3
yalattas,betodealmeida,1,3
yalattas,carusooo,1,3
yalattas,ddxv,1,3
yalattas,fertek,1,3
yalattas,geido,1,3
yalattas,junlincc,1,3
yalattas,mannbl,1,3
yalattas,maxcapraro,1,3
yalattas,rusackas,1,3
yalattas,sebastianliebscher,1,3
yalattas,toch,1,3
yalattas,villebro,1,3
EamonKeane,alldoami,1,0
EamonKeane,asemprini,1,0
EamonKeane,danbtl,1,0
EamonKeane,ggmblr,1,0
EamonKeane,nrav1360,1,0
EamonKeane,rusackas,1,0
EamonKeane,wiktor2200,1,0
JoeJordan1,Robin-Brandt,1,3
JoeJordan1,craig-rueda,1,3
JoeJordan1,hughhhh,1,3
JoeJordan1,junlincc,1,3
JoeJordan1,mistercrunch,1,3
JoeJordan1,qiaofeng1227,1,3
JoeJordan1,qqliang,1,3
JoeJordan1,rusackas,1,3
JoeJordan1,sfirke,1,3
JoeJordan1,youngsol,1,3
xiaoqufengdi,dosu,2,4
candy4290,Ovilia,1,2
xiezhongfu,Ovilia,1,4
Kyeongan,Meizuamy,1,0
Kyeongan,amravazzi,1,0
Kyeongan,clear-m,1,0
Kyeongan,damnko,1,0
Kyeongan,inetfuture,1,0
Kyeongan,matustema,1,0
Kyeongan,mona-mk,1,0
Kyeongan,nytai,1,0
Kyeongan,spcvalente,1,0
Kyeongan,techian-sp,1,0
Kyeongan,vikt0rs,1,0
Kyeongan,willbarrett,1,0
bryan-oliveira,JonasMa,1,5
bryan-oliveira,JunlinZhu-Tommy,1,5
bryan-oliveira,KingsleyNguyenNTU,1,5
bryan-oliveira,Kyeongan,1,5
bryan-oliveira,LongToeBoy,1,5
bryan-oliveira,MattinaYang,1,5
bryan-oliveira,Ovilia,1,5
bryan-oliveira,PestoP,1,5
bryan-oliveira,Qinao1,1,5
bryan-oliveira,aemooooon,1,5
bryan-oliveira,agustinclarity,1,5
bryan-oliveira,alexrichardsweb,1,5
bryan-oliveira,amygroshek,1,5
bryan-oliveira,anthonyadamski,1,5
bryan-oliveira,bingDBdu,1,5
bryan-oliveira,braniubojni,1,5
bryan-oliveira,bryanmillerph,1,5
bryan-oliveira,devsigner-xyz,1,5
bryan-oliveira,evalcraciun,1,5
bryan-oliveira,hamzadigi,1,5
bryan-oliveira,hjs801012,1,5
bryan-oliveira,hks2002,1,5
bryan-oliveira,infacto,1,5
bryan-oliveira,just-Bri,1,5
bryan-oliveira,madlife12327,1,5
bryan-oliveira,mixonic,1,5
bryan-oliveira,nztraveler,1,5
bryan-oliveira,oleksandr-kupenko,1,5
bryan-oliveira,renartius,1,5
bryan-oliveira,testforworkhh,1,5
bryan-oliveira,vandelpavel,1,5
bryan-oliveira,vir46,1,5
bryan-oliveira,zekraouin,1,5
sjk7524068,juanmantelli,1,0
sjk7524068,manan9676,1,0
soniagtm,FiiL123,1,0
soniagtm,betodealmeida,1,0
soniagtm,dpgaspar,1,0
soniagtm,dwierenga,1,0
soniagtm,massynmantel,1,0
soniagtm,rusackas,1,0
soniagtm,sfirke,1,0
soniagtm,wjf136,1,0
xiongjiamu,michael-s-molina,1,0
joshuaclausen,Ovilia,1,0
joshuaclausen,plainheart,1,0
michael-s-molina,Ovilia,1,2
michael-s-molina,aspectie,1,2
michael-s-molina,plainheart,1,2
villebro,makso94,1,5
villebro,Ovilia,3,14
villebro,susiwen8,2,9
villebro,wqzwh,1,4
villebro,100pah,1,8
villebro,jbest,1,8
villebro,pissang,2,11
villebro,simmonfang,1,5
villebro,aspectie,1,2
villebro,plainheart,1,2
jpike88,D3nn3,1,4
jpike88,DevHerrera,1,4
jpike88,Manoj1881,1,4
jpike88,PedroPini,1,4
jpike88,TheRum,1,4
jpike88,etothexipi,1,4
jpike88,jessicaxyl,1,4
jpike88,junlincc,1,4
jpike88,kristw,1,4
jpike88,med4it,1,4
jpike88,shucle-devops,1,4
jpike88,srggrs,1,4
jpike88,zygeilit,1,4
gaogaoinvincible,daoke0818,1,6
gaogaoinvincible,plainheart,1,6
frainfreeze,Antonio-RiveroMartnez,1,0
frainfreeze,FadeiKholyavo,1,0
frainfreeze,JollyGood97,1,0
frainfreeze,apole,1,0
frainfreeze,eschutho,1,0
frainfreeze,hug0b,1,0
frainfreeze,jean-baka,1,0
frainfreeze,jfrag1,1,0
frainfreeze,leandroembu,1,0
frainfreeze,lilykuang,1,0
frainfreeze,rusackas,1,0
frainfreeze,waleedshabbir1,1,0
frainfreeze,zs-err,1,0
ahmadalibaloch,MrMrsic,1,0
ahmadalibaloch,bhutanict,1,0
ahmadalibaloch,hughhhh,1,0
ahmadalibaloch,star-fork,1,0
ahmadalibaloch,zhaoyongjie,1,0
ahmadalibaloch,Asturias-sam,1,1
ahmadalibaloch,Julien-Fruteau,1,1
ahmadalibaloch,bkyryliuk,1,1
ahmadalibaloch,hemajv,1,1
robshep,dosu,1,2
Always-prog,Jakub-Plan-d-k,1,10
Always-prog,Ovilia,1,10
Always-prog,SevenOutman,1,10
Always-prog,hughess,1,10
Always-prog,james-astra,1,10
PrabuSarvesan,Ovilia,1,7
PrabuSarvesan,fuchunhui,1,7
andrearoota,C-monC,1,0
andrearoota,GeorgeSpring,1,0
andrearoota,TrendTech,1,0
andrearoota,bumasl,1,0
andrearoota,eschutho,1,0
andrearoota,garystafford,1,0
andrearoota,mAd-DaWg,1,0
andrearoota,novice-gamer,1,0
andrearoota,sjmillius,1,0
vincentbernat,pasqualtroncone,1,0
vincentbernat,rusackas,1,0
vincentbernat,shreesham,1,0
vincentbernat,srinify,1,0
LeoDiep,108EAA0A,1,3
LeoDiep,Creatium,1,3
LeoDiep,Ovilia,1,3
LeoDiep,Shaq76,1,3
LeoDiep,sjcobb,1,3
jitendra-dangi,Balamuralia,1,0
jitendra-dangi,FedericoCalonge,1,0
jitendra-dangi,amitmiran137,1,0
jitendra-dangi,betodealmeida,1,0
jitendra-dangi,etr2460,1,0
jitendra-dangi,jayakrishnankk,1,0
jitendra-dangi,john-bodley,1,0
jitendra-dangi,junlincc,1,0
jitendra-dangi,tomasfarias,1,0
jitendra-dangi,vivek-kandhvar,1,0
vivek-kandhvar,dileepyelleti,1,6
qlandman,geido,1,0
qlandman,michellethomas,1,0
qlandman,redsquare,1,0
qlandman,villebro,1,0
junlincc,Chellhooo,1,2
junlincc,Ovilia,2,10
junlincc,pe-3,1,2
junlincc,pissang,2,10
junlincc,100pah,1,8
junlincc,jbest,1,8
maltoze,Ovilia,1,7
maltoze,dengber,1,7
maltoze,zoffyzhang,1,7
septatrix,Kittywyk,1,6
septatrix,MohammedAlSafwanOld,1,6
septatrix,Ovilia,1,6
septatrix,baiyuhong,1,6
septatrix,bkmgit,1,6
septatrix,cgcdev0512,1,6
septatrix,frankyaorenjie,1,6
septatrix,pissang,1,6
septatrix,plainheart,2,11
septatrix,wangjiawen2013,1,6
septatrix,dohuuhuy,1,5
septatrix,sparr,1,5
septatrix,triajidhan,1,5
pouria-ariafar,armfem,1,0
pouria-ariafar,deepak13tekwani,1,0
pouria-ariafar,dpgaspar,1,0
pouria-ariafar,kumarprahlad,1,0
pouria-ariafar,leonardogmachado,1,0
pouria-ariafar,mistercrunch,1,0
pouria-ariafar,mstainsbury,1,0
pouria-ariafar,rajeshkorandla,1,0
pouria-ariafar,userkdg,1,0
pouria-ariafar,willbarrett,1,0
cyang52,plainheart,3,37
cyang52,Ovilia,2,29
cyang52,quillblue,1,10
pingf,Alfran007,1,1
pingf,icesx,1,1
pingf,karen-pal,1,1
pingf,ravijabe,1,1
pingf,sedhha,1,1
mjcc007,villebro,1,0
mjcc007,xiamicpp,1,0
